Timestamp,Vehicle_Count
2022-02-11 12-20-03,7
2022-02-11 12-31-43,10
2022-02-11 12-35-24,5
2022-02-11 12-41-44,0
2022-02-11 12-47-24,8
2022-02-11 12-51-24,12
2022-02-11 12-59-44,4
2022-02-11 13-08-45,9
2022-02-11 13-10-45,8
2022-02-11 13-17-05,6
2022-02-11 13-21-25,1
2022-02-11 13-27-25,11
2022-02-11 13-30-45,1
2022-02-11 13-40-46,6
2022-02-11 13-45-46,11
2022-02-11 13-52-26,8
2022-02-11 13-56-46,12
2022-02-11 13-59-46,7
2022-02-11 14-05-06,13
2022-02-11 14-13-27,11
2022-02-11 14-15-27,8
2022-02-11 14-20-27,8
2022-02-11 14-24-47,12
2022-02-11 14-30-07,6
2022-02-11 14-35-47,8
2022-02-11 14-39-48,12
2022-02-11 14-45-08,6
2022-02-11 14-50-08,11
2022-02-11 14-55-48,6
2022-02-11 15-01-48,12
2022-02-11 15-06-08,6
2022-02-11 15-12-29,11
2022-02-11 15-17-29,0
2022-02-11 15-20-29,11
2022-02-11 15-24-09,3
2022-02-11 15-29-49,9
2022-02-11 15-35-29,13
2022-02-11 15-42-30,3
2022-02-11 15-45-10,11
2022-02-11 15-51-50,7
2022-02-11 15-56-10,8
2022-02-11 16-00-30,9
2022-02-11 16-05-10,9
2022-02-11 16-10-30,13
2022-02-11 16-13-11,4
2022-02-11 16-19-51,8
2022-02-11 16-26-31,6
2022-02-11 16-31-11,7
2022-02-11 16-35-31,3
2022-02-11 16-38-52,3
2022-02-11 16-46-32,5
2022-02-11 16-51-32,9
2022-02-11 16-55-52,13
2022-02-11 17-00-52,11
2022-02-11 17-05-12,9
2022-02-11 17-10-13,8
2022-02-11 17-14-33,17
2022-02-11 17-19-53,12
2022-02-11 17-31-53,9
2022-02-11 17-35-33,11
2022-02-11 17-41-54,12
2022-02-11 17-45-14,13
2022-02-11 17-48-34,6
2022-02-11 17-53-34,14
2022-02-11 17-58-34,7
2022-02-11 18-03-14,11
2022-02-11 18-11-55,9
2022-02-11 18-15-15,14
2022-02-11 18-20-15,13
2022-02-11 18-26-15,12
2022-02-11 18-29-55,10
2022-02-11 18-36-15,15
2022-02-11 18-41-56,16
2022-02-11 18-47-56,9
2022-02-11 18-51-56,11
2022-02-11 18-59-56,15
2022-02-11 19-03-56,10
2022-02-11 19-08-57,10
2022-02-11 19-12-57,12
2022-02-11 19-18-37,9
2022-02-11 19-25-57,7
2022-02-11 19-29-57,2
2022-02-11 19-35-17,5
2022-02-11 19-38-58,5
2022-02-11 19-44-18,3
2022-02-11 19-49-58,4
2022-02-11 19-53-18,3
2022-02-11 20-00-38,5
2022-02-11 20-07-19,4
2022-02-11 20-19-39,4
2022-02-11 20-24-19,2
2022-02-11 20-29-19,3
2022-02-11 20-34-40,2
2022-02-11 20-39-20,3
2022-02-11 20-44-00,1
2022-02-11 20-50-00,2
2022-02-11 20-54-00,2
2022-02-11 20-58-41,2
2022-02-11 21-05-21,5
2022-02-11 21-11-01,3
2022-02-11 21-13-41,3
2022-02-11 21-21-01,2
2022-02-11 21-25-21,4
2022-02-11 21-30-02,3
2022-02-11 21-35-42,0
2022-02-11 21-41-02,3
2022-02-11 21-45-22,4
2022-02-11 21-48-22,2
2022-02-11 21-54-03,2
2022-02-11 21-58-03,2
2022-02-11 22-06-03,1
2022-02-11 22-08-43,2
2022-02-11 22-14-43,3
2022-02-11 22-19-23,4
2022-02-11 22-26-04,2
2022-02-11 22-29-44,1
2022-02-11 22-36-04,2
2022-02-11 22-39-24,3
2022-02-11 22-44-44,2
2022-02-11 22-48-45,3
2022-02-11 22-56-45,3
2022-02-11 22-58-45,3
2022-02-11 23-03-45,1
2022-02-11 23-09-25,4
2022-02-11 23-15-26,1
2022-02-11 23-19-26,0
2022-02-11 23-23-46,3
2022-02-11 23-29-26,1
2022-02-11 23-33-06,0
2022-02-11 23-38-26,0
2022-02-11 23-45-27,4
2022-02-11 23-49-47,2
2022-02-11 23-56-47,0
2022-02-11 23-59-07,2
2022-02-12 00-03-07,2
2022-02-12 00-08-07,0
2022-02-12 00-15-08,1
2022-02-12 00-20-08,2
2022-02-12 00-25-28,2
2022-02-12 00-29-28,3
2022-02-12 00-35-08,1
2022-02-12 00-39-28,0
2022-02-12 00-45-09,2
2022-02-12 00-49-49,0
2022-02-12 00-56-09,0
2022-02-12 00-58-49,0
2022-02-12 01-05-09,2
2022-02-12 01-11-50,1
2022-02-12 01-14-30,0
2022-02-12 01-20-10,0
2022-02-12 01-29-30,1
2022-02-12 01-34-11,0
2022-02-12 01-39-31,0
2022-02-12 01-45-11,1
2022-02-12 01-50-11,1
2022-02-12 01-54-11,1
2022-02-12 01-58-52,0
2022-02-12 02-03-52,0
2022-02-12 02-08-52,0
2022-02-12 02-16-12,0
2022-02-12 02-18-12,0
2022-02-12 02-24-32,1
2022-02-12 02-29-13,0
2022-02-12 02-35-33,0
2022-02-12 02-39-33,0
2022-02-12 02-45-13,1
2022-02-12 02-49-33,0
2022-02-12 02-55-34,1
2022-02-12 02-59-34,0
2022-02-12 03-01-54,0
2022-02-12 03-09-34,1
2022-02-12 03-15-34,0
2022-02-12 03-19-55,0
2022-02-12 03-26-15,0
2022-02-12 03-30-35,1
2022-02-12 03-33-55,0
2022-02-12 03-38-55,1
2022-02-12 03-44-36,0
2022-02-12 03-48-16,1
2022-02-12 03-53-56,0
2022-02-12 03-58-16,0
2022-02-12 04-04-36,0
2022-02-12 04-08-16,0
2022-02-12 04-12-57,0
2022-02-12 04-19-17,0
2022-02-12 04-22-57,0
2022-02-12 04-29-57,0
2022-02-12 04-35-37,0
2022-02-12 04-39-18,0
2022-02-12 04-50-38,0
2022-02-12 04-54-58,0
2022-02-12 04-59-18,0
2022-02-12 05-04-19,0
2022-02-12 05-12-19,0
2022-02-12 05-15-19,0
2022-02-12 05-20-19,0
2022-02-12 05-23-59,0
2022-02-12 05-29-39,0
2022-02-12 05-39-20,2
2022-02-12 05-45-00,0
2022-02-12 05-48-20,1
2022-02-12 05-53-00,0
2022-02-12 05-58-01,0
2022-02-12 06-10-01,0
2022-02-12 06-14-21,1
2022-02-12 06-20-01,2
2022-02-12 06-24-02,4
2022-02-12 06-31-02,0
2022-02-12 06-34-42,0
2022-02-12 06-39-02,5
2022-02-12 06-44-02,1
2022-02-12 06-49-23,0
2022-02-12 06-56-43,0
2022-02-12 06-59-23,4
2022-02-12 07-05-23,2
2022-02-12 07-11-23,1
2022-02-12 07-15-03,11
2022-02-12 07-19-44,5
2022-02-12 07-23-44,3
2022-02-12 07-30-04,2
2022-02-12 07-35-24,5
2022-02-12 07-40-04,5
2022-02-12 07-45-24,6
2022-02-12 07-50-25,8
2022-02-12 07-54-25,8
2022-02-12 08-00-45,1
2022-02-12 08-06-05,4
2022-02-12 08-08-25,11
2022-02-12 08-15-05,8
2022-02-12 08-20-26,2
2022-02-12 08-26-06,11
2022-02-12 08-29-46,6
2022-02-12 08-35-26,7
2022-02-12 08-41-46,9
2022-02-12 08-45-27,3
2022-02-12 08-50-07,8
2022-02-12 08-54-27,9
2022-02-12 09-01-47,10
2022-02-12 09-06-07,12
2022-02-12 09-11-48,8
2022-02-12 09-16-08,2
2022-02-12 09-23-08,10
2022-02-12 09-26-08,3
2022-02-12 09-32-28,7
2022-02-12 09-38-48,7
2022-02-12 09-40-48,7
2022-02-12 09-45-49,10
2022-02-12 09-51-29,11
2022-02-12 09-59-29,6
2022-02-12 10-03-09,9
2022-02-12 10-08-09,8
2022-02-12 10-10-49,12
2022-02-12 10-16-30,5
2022-02-12 10-21-10,4
2022-02-12 10-26-10,7
2022-02-12 10-30-30,6
2022-02-12 10-37-50,6
2022-02-12 10-42-30,8
2022-02-12 10-46-30,9
2022-02-12 10-51-11,7
2022-02-12 10-57-51,9
2022-02-12 11-04-31,11
2022-02-12 11-10-31,8
2022-02-12 11-11-51,10
2022-02-12 11-17-11,12
2022-02-12 11-21-12,14
2022-02-12 11-26-52,9
2022-02-12 11-32-52,10
2022-02-12 11-37-52,15
2022-02-12 11-41-12,11
2022-02-12 11-44-32,7
2022-02-12 11-50-32,5
2022-02-12 11-58-13,11
2022-02-12 12-02-53,6
2022-02-12 12-07-53,13
2022-02-12 12-11-13,6
2022-02-12 12-16-13,16
2022-02-12 12-22-33,10
2022-02-12 12-31-34,19
2022-02-12 12-38-54,8
2022-02-12 12-43-14,11
2022-02-12 12-45-14,12
2022-02-12 12-51-55,7
2022-02-12 12-56-55,15
2022-02-12 13-00-55,6
2022-02-12 13-07-16,11
2022-02-12 13-10-55,9
2022-02-12 13-15-35,12
2022-02-12 13-21-56,11
2022-02-12 13-26-56,11
2022-02-12 13-32-36,10
2022-02-12 13-37-36,14
2022-02-12 13-41-56,10
2022-02-12 13-50-37,8
2022-02-12 13-56-17,12
2022-02-12 14-02-17,9
2022-02-12 14-07-17,9
2022-02-12 14-12-17,7
2022-02-12 14-19-18,10
2022-02-12 14-23-18,12
2022-02-12 14-26-18,14
2022-02-12 14-31-58,11
2022-02-12 14-38-18,9
2022-02-12 14-45-38,10
2022-02-12 14-47-59,7
2022-02-12 14-52-19,9
2022-02-12 14-56-59,10
2022-02-12 15-01-59,5
2022-02-12 15-05-19,14
2022-02-12 15-11-19,4
2022-02-12 15-15-19,6
2022-02-12 15-21-40,3
2022-02-12 15-25-00,6
2022-02-12 15-31-40,6
2022-02-12 15-36-00,8
2022-02-12 15-40-40,10
2022-02-12 15-44-40,10
2022-02-12 15-51-01,10
2022-02-12 15-57-41,7
2022-02-12 16-01-41,11
2022-02-12 16-05-01,8
2022-02-12 16-09-41,14
2022-02-12 16-14-41,15
2022-02-12 16-21-02,4
2022-02-12 16-29-02,5
2022-02-12 16-31-42,7
2022-02-12 16-35-02,9
2022-02-12 16-41-02,8
2022-02-12 16-47-22,9
2022-02-12 16-51-02,8
2022-02-12 16-56-43,18
2022-02-12 17-01-43,12
2022-02-12 17-08-23,8
2022-02-12 17-11-23,14
2022-02-12 17-16-43,10
2022-02-12 17-23-23,5
2022-02-12 17-26-04,8
2022-02-12 17-32-24,8
2022-02-12 17-35-04,12
2022-02-12 17-40-44,8
2022-02-12 17-44-44,11
2022-02-12 17-50-04,12
2022-02-12 17-55-45,10
2022-02-12 18-00-45,12
2022-02-12 18-06-05,10
2022-02-12 18-08-45,20
2022-02-12 18-21-06,16
2022-02-12 18-25-26,13
2022-02-12 18-30-26,22
2022-02-12 18-36-06,19
2022-02-12 18-40-46,14
2022-02-12 18-44-46,6
2022-02-12 18-51-47,10
2022-02-12 18-55-07,14
2022-02-12 18-59-07,11
2022-02-12 19-05-27,15
2022-02-12 19-08-47,6
2022-02-12 19-21-08,9
2022-02-12 19-24-28,9
2022-02-12 19-28-48,10
2022-02-12 19-39-08,9
2022-02-12 19-44-29,2
2022-02-12 19-50-09,4
2022-02-12 19-56-49,3
2022-02-12 19-59-29,0
2022-02-12 20-05-29,3
2022-02-12 20-09-30,3
2022-02-12 20-15-10,1
2022-02-12 20-20-50,4
2022-02-12 20-23-30,2
2022-02-12 20-30-10,4
2022-02-12 20-34-30,1
2022-02-12 20-39-31,5
2022-02-12 20-44-31,2
2022-02-12 20-50-31,5
2022-02-12 20-56-31,5
2022-02-12 21-01-51,6
2022-02-12 21-03-31,1
2022-02-12 21-07-52,3
2022-02-12 21-13-12,5
2022-02-12 21-18-52,7
2022-02-12 21-24-12,2
2022-02-12 21-29-12,5
2022-02-12 21-35-32,1
2022-02-12 21-39-13,2
2022-02-12 21-44-33,2
2022-02-12 21-47-53,0
2022-02-12 21-52-53,1
2022-02-12 21-57-33,5
2022-02-12 22-04-54,5
2022-02-12 22-08-54,5
2022-02-12 22-14-34,6
2022-02-12 22-20-14,4
2022-02-12 22-23-54,3
2022-02-12 22-28-15,1
2022-02-12 22-39-15,1
2022-02-12 22-43-55,1
2022-02-12 22-50-15,0
2022-02-12 22-54-35,2
2022-02-12 22-59-56,0
2022-02-12 23-05-16,0
2022-02-12 23-09-56,1
2022-02-12 23-16-16,0
2022-02-12 23-21-17,1
2022-02-12 23-26-17,1
2022-02-12 23-29-37,0
2022-02-12 23-35-17,2
2022-02-12 23-41-37,0
2022-02-12 23-44-17,1
2022-02-12 23-49-17,1
2022-02-12 23-54-58,1
2022-02-12 23-58-58,1
2022-02-13 00-04-18,0
2022-02-13 00-08-38,2
2022-02-13 00-14-38,0
2022-02-13 00-19-59,1
2022-02-13 00-28-59,0
2022-02-13 00-34-59,1
2022-02-13 00-41-20,0
2022-02-13 00-50-00,0
2022-02-13 00-55-00,0
2022-02-13 00-58-40,1
2022-02-13 01-05-40,1
2022-02-13 01-11-01,1
2022-02-13 01-14-01,0
2022-02-13 01-20-21,2
2022-02-13 01-24-01,0
2022-02-13 01-29-01,0
2022-02-13 01-35-01,2
2022-02-13 01-39-22,1
2022-02-13 01-45-22,2
2022-02-13 01-49-02,0
2022-02-13 01-54-42,0
2022-02-13 01-59-02,0
2022-02-13 02-05-22,0
2022-02-13 02-07-43,1
2022-02-13 02-14-43,4
2022-02-13 02-19-43,1
2022-02-13 02-24-43,2
2022-02-13 02-30-03,0
2022-02-13 02-34-04,0
2022-02-13 02-39-04,0
2022-02-13 02-44-04,0
2022-02-13 02-49-24,0
2022-02-13 02-54-24,0
2022-02-13 02-58-44,1
2022-02-13 03-05-05,0
2022-02-13 03-10-45,1
2022-02-13 03-14-05,0
2022-02-13 03-20-05,0
2022-02-13 03-25-46,0
2022-02-13 03-29-26,1
2022-02-13 03-35-06,0
2022-02-13 03-39-26,0
2022-02-13 03-43-46,0
2022-02-13 03-49-47,1
2022-02-13 03-54-07,1
2022-02-13 04-00-27,0
2022-02-13 04-05-07,2
2022-02-13 04-09-07,0
2022-02-13 04-14-07,0
2022-02-13 04-19-08,0
2022-02-13 04-24-08,0
2022-02-13 04-29-48,1
2022-02-13 04-34-48,0
2022-02-13 04-38-48,0
2022-02-13 04-44-28,0
2022-02-13 04-50-49,0
2022-02-13 04-54-29,0
2022-02-13 04-59-29,1
2022-02-13 05-05-49,1
2022-02-13 05-10-09,0
2022-02-13 05-14-30,0
2022-02-13 05-19-30,0
2022-02-13 05-23-10,0
2022-02-13 05-30-30,0
2022-02-13 05-34-51,1
2022-02-13 05-41-11,0
2022-02-13 05-43-11,1
2022-02-13 05-49-51,0
2022-02-13 05-54-31,0
2022-02-13 05-58-51,1
2022-02-13 06-05-12,1
2022-02-13 06-11-52,0
2022-02-13 06-14-32,1
2022-02-13 06-18-32,0
2022-02-13 06-24-13,0
2022-02-13 06-29-33,0
2022-02-13 06-34-33,0
2022-02-13 06-38-53,0
2022-02-13 06-43-53,1
2022-02-13 06-50-34,1
2022-02-13 06-55-34,1
2022-02-13 06-59-34,4
2022-02-13 07-05-34,1
2022-02-13 07-09-34,0
2022-02-13 07-14-34,1
2022-02-13 07-19-35,2
2022-02-13 07-23-15,1
2022-02-13 07-30-35,1
2022-02-13 07-35-35,6
2022-02-13 07-38-55,5
2022-02-13 07-44-56,3
2022-02-13 07-53-16,6
2022-02-13 07-55-16,4
2022-02-13 08-01-16,7
2022-02-13 08-05-36,1
2022-02-13 08-11-57,5
2022-02-13 08-14-17,3
2022-02-13 08-21-57,4
2022-02-13 08-24-37,3
2022-02-13 08-30-17,1
2022-02-13 08-36-17,2
2022-02-13 08-38-38,2
2022-02-13 08-45-18,3
2022-02-13 08-50-38,3
2022-02-13 08-56-18,2
2022-02-13 09-00-38,6
2022-02-13 09-06-18,5
2022-02-13 09-09-59,3
2022-02-13 09-15-39,2
2022-02-13 09-22-59,5
2022-02-13 09-26-19,4
2022-02-13 09-30-19,6
2022-02-13 09-35-59,2
2022-02-13 09-41-40,4
2022-02-13 09-45-40,6
2022-02-13 09-50-40,2
2022-02-13 10-00-40,3
2022-02-13 10-07-20,9
2022-02-13 10-12-01,5
2022-02-13 10-17-21,9
2022-02-13 10-21-41,5
2022-02-13 10-25-41,8
2022-02-13 10-31-21,9
2022-02-13 10-37-01,4
2022-02-13 10-45-02,10
2022-02-13 10-46-42,9
2022-02-13 10-51-02,5
2022-02-13 10-56-02,5
2022-02-13 11-00-22,11
2022-02-13 11-08-22,6
2022-02-13 11-12-02,6
2022-02-13 11-15-02,9
2022-02-13 11-22-43,4
2022-02-13 11-25-23,8
2022-02-13 11-32-03,9
2022-02-13 11-38-03,6
2022-02-13 11-40-03,8
2022-02-13 11-44-23,8
2022-02-13 11-50-24,10
2022-02-13 11-56-04,7
2022-02-13 12-01-04,10
2022-02-13 12-09-04,7
2022-02-13 12-12-04,15
2022-02-13 12-17-45,7
2022-02-13 12-22-05,2
2022-02-13 12-26-25,6
2022-02-13 12-32-25,9
2022-02-13 12-36-05,11
2022-02-13 12-41-25,11
2022-02-13 12-46-45,12
2022-02-13 12-50-06,5
2022-02-13 12-54-26,6
2022-02-13 13-01-06,11
2022-02-13 13-06-06,8
2022-02-13 13-10-46,9
2022-02-13 13-17-07,5
2022-02-13 13-19-47,3
2022-02-13 13-30-07,10
2022-02-13 13-37-47,8
2022-02-13 13-40-07,5
2022-02-13 13-46-07,6
2022-02-13 13-52-48,10
2022-02-13 13-56-48,10
2022-02-13 14-01-48,11
2022-02-13 14-05-28,8
2022-02-13 14-09-28,8
2022-02-13 14-14-28,2
2022-02-13 14-21-49,7
2022-02-13 14-26-09,7
2022-02-13 14-32-09,1
2022-02-13 14-36-09,6
2022-02-13 14-41-09,12
2022-02-13 14-44-49,5
2022-02-13 14-53-10,7
2022-02-13 14-57-10,8
2022-02-13 14-59-50,6
2022-02-13 15-12-30,8
2022-02-13 15-15-50,9
2022-02-13 15-20-31,10
2022-02-13 15-25-11,8
2022-02-13 15-31-51,6
2022-02-13 15-36-51,9
2022-02-13 15-40-51,4
2022-02-13 15-44-52,7
2022-02-13 15-51-12,5
2022-02-13 15-57-32,0
2022-02-13 16-00-12,8
2022-02-13 16-11-32,6
2022-02-13 16-19-52,10
2022-02-13 16-26-13,4
2022-02-13 16-30-33,0
2022-02-13 16-37-53,5
2022-02-13 16-41-33,2
2022-02-13 16-46-13,8
2022-02-13 16-50-33,6
2022-02-13 16-55-34,8
2022-02-13 17-02-14,6
2022-02-13 17-06-14,11
2022-02-13 17-11-14,6
2022-02-13 17-15-14,10
2022-02-13 17-23-15,14
2022-02-13 17-25-15,10
2022-02-13 17-30-35,10
2022-02-13 17-36-15,7
2022-02-13 17-39-35,7
2022-02-13 17-45-15,5
2022-02-13 17-49-16,8
2022-02-13 17-54-36,4
2022-02-13 17-59-36,7
2022-02-13 18-05-36,5
2022-02-13 18-11-16,3
2022-02-13 18-15-16,5
2022-02-13 18-21-57,8
2022-02-13 18-30-17,5
2022-02-13 18-37-57,4
2022-02-13 18-40-17,6
2022-02-13 18-46-18,12
2022-02-13 18-50-38,5
2022-02-13 18-56-18,10
2022-02-13 18-59-58,4
2022-02-13 19-05-18,11
2022-02-13 19-11-18,10
2022-02-13 19-14-19,4
2022-02-13 19-19-59,3
2022-02-13 19-24-39,8
2022-02-13 19-29-39,10
2022-02-13 19-36-19,5
2022-02-13 19-39-19,5
2022-02-13 19-45-00,1
2022-02-13 19-49-00,3
2022-02-13 19-55-40,1
2022-02-13 20-00-00,1
2022-02-13 20-04-40,2
2022-02-13 20-08-40,0
2022-02-13 20-20-01,2
2022-02-13 20-26-21,2
2022-02-13 20-29-41,1
2022-02-13 20-34-42,3
2022-02-13 20-40-22,1
2022-02-13 20-43-22,0
2022-02-13 20-49-02,0
2022-02-13 20-59-22,3
2022-02-13 21-05-23,3
2022-02-13 21-09-03,3
2022-02-13 21-15-23,0
2022-02-13 21-20-03,1
2022-02-13 21-26-03,1
2022-02-13 21-31-43,3
2022-02-13 21-41-04,4
2022-02-13 21-44-44,2
2022-02-13 21-47-44,2
2022-02-13 21-52-44,1
2022-02-13 21-57-04,2
2022-02-13 22-07-45,0
2022-02-13 22-09-25,0
2022-02-13 22-14-25,0
2022-02-13 22-19-45,3
2022-02-13 22-24-05,0
2022-02-13 22-29-26,0
2022-02-13 22-38-26,4
2022-02-13 22-41-06,1
2022-02-13 22-44-46,0
2022-02-13 22-50-46,1
2022-02-13 23-00-07,0
2022-02-13 23-04-07,1
2022-02-13 23-08-47,0
2022-02-13 23-15-07,1
2022-02-13 23-21-08,1
2022-02-13 23-24-08,0
2022-02-13 23-27-28,0
2022-02-13 23-33-48,1
2022-02-13 23-38-08,2
2022-02-13 23-44-28,0
2022-02-13 23-49-49,0
2022-02-13 23-53-49,1
2022-02-13 23-58-49,0
2022-02-14 00-02-49,1
2022-02-14 00-07-49,0
2022-02-14 00-13-50,0
2022-02-14 00-19-50,0
2022-02-14 00-25-30,0
2022-02-14 00-31-10,0
2022-02-14 00-33-50,0
2022-02-14 00-40-11,0
2022-02-14 00-45-11,0
2022-02-14 00-50-51,1
2022-02-14 00-54-31,0
2022-02-14 01-00-11,0
2022-02-14 01-04-12,0
2022-02-14 01-09-52,0
2022-02-14 01-17-12,0
2022-02-14 01-19-52,0
2022-02-14 01-24-32,0
2022-02-14 01-29-12,0
2022-02-14 01-35-13,0
2022-02-14 01-39-13,0
2022-02-14 01-44-13,0
2022-02-14 01-50-13,0
2022-02-14 01-53-33,0
2022-02-14 01-58-54,0
2022-02-14 02-03-14,0
2022-02-14 02-12-34,0
2022-02-14 02-13-54,0
2022-02-14 02-20-14,0
2022-02-14 02-24-34,0
2022-02-14 02-30-15,0
2022-02-14 02-34-35,0
2022-02-14 02-39-15,0
2022-02-14 02-44-15,0
2022-02-14 02-50-35,0
2022-02-14 02-54-16,0
2022-02-14 02-59-36,0
2022-02-14 03-04-36,0
2022-02-14 03-11-16,0
2022-02-14 03-13-36,0
2022-02-14 03-20-37,0
2022-02-14 03-26-57,0
2022-02-14 03-29-57,0
2022-02-14 03-35-57,0
2022-02-14 03-39-17,0
2022-02-14 03-43-18,0
2022-02-14 03-48-18,0
2022-02-14 03-53-58,0
2022-02-14 03-59-38,0
2022-02-14 04-04-18,0
2022-02-14 04-09-19,0
2022-02-14 04-13-39,0
2022-02-14 04-20-19,0
2022-02-14 04-23-19,0
2022-02-14 04-30-39,0
2022-02-14 04-33-40,0
2022-02-14 04-41-20,0
2022-02-14 04-43-40,0
2022-02-14 04-50-00,0
2022-02-14 04-54-20,0
2022-02-14 04-59-41,0
2022-02-14 05-05-41,0
2022-02-14 05-08-41,0
2022-02-14 05-14-21,0
2022-02-14 05-20-02,0
2022-02-14 05-26-02,0
2022-02-14 05-29-02,1
2022-02-14 05-35-22,0
2022-02-14 05-39-22,0
2022-02-14 05-44-02,0
2022-02-14 05-50-43,0
2022-02-14 05-55-03,0
2022-02-14 05-58-43,0
2022-02-14 06-05-23,0
2022-02-14 06-09-43,0
2022-02-14 06-14-23,3
2022-02-14 06-20-44,2
2022-02-14 06-29-44,2
2022-02-14 06-34-04,4
2022-02-14 06-40-24,1
2022-02-14 06-44-04,7
2022-02-14 06-50-05,8
2022-02-14 06-56-05,4
2022-02-14 06-58-45,6
2022-02-14 07-05-05,5
2022-02-14 07-09-45,6
2022-02-14 07-14-46,7
2022-02-14 07-20-06,12
2022-02-14 07-26-46,12
2022-02-14 07-29-46,13
2022-02-14 07-37-06,15
2022-02-14 07-42-47,13
2022-02-14 07-45-27,10
2022-02-14 07-50-27,16
2022-02-14 07-57-27,16
2022-02-14 08-01-47,11
2022-02-14 08-06-07,17
2022-02-14 08-15-08,16
2022-02-14 08-21-48,15
2022-02-14 08-23-48,15
2022-02-14 08-29-28,14
2022-02-14 08-35-49,12
2022-02-14 08-40-09,14
2022-02-14 08-45-09,9
2022-02-14 08-50-29,17
2022-02-14 08-56-49,10
2022-02-14 09-02-09,8
2022-02-14 09-14-30,8
2022-02-14 09-15-10,15
2022-02-14 09-19-50,14
2022-02-14 09-26-50,14
2022-02-14 09-30-50,14
2022-02-14 09-37-51,13
2022-02-14 09-41-51,11
2022-02-14 09-45-11,10
2022-02-14 09-49-51,12
2022-02-14 09-57-11,8
2022-02-14 10-00-31,9
2022-02-14 10-14-32,2
2022-02-14 10-16-32,9
2022-02-14 10-20-52,6
2022-02-14 10-25-52,6
2022-02-14 10-32-12,6
2022-02-14 10-37-13,9
2022-02-14 10-41-33,8
2022-02-14 10-46-53,5
2022-02-14 10-50-33,2
2022-02-14 10-56-53,3
2022-02-14 11-00-13,7
2022-02-14 11-06-33,8
2022-02-14 11-12-14,3
2022-02-14 11-17-14,6
2022-02-14 11-23-14,2
2022-02-14 11-34-55,8
2022-02-14 11-37-55,8
2022-02-14 11-42-55,4
2022-02-14 11-50-15,8
2022-02-14 11-56-15,10
2022-02-14 12-00-15,1
2022-02-14 12-08-36,11
2022-02-14 12-13-56,7
2022-02-14 12-15-16,10
2022-02-14 12-22-56,11
2022-02-14 12-25-56,9
2022-02-14 12-31-56,9
2022-02-14 12-38-37,10
2022-02-14 12-39-17,8
2022-02-14 12-44-37,6
2022-02-14 12-51-17,8
2022-02-14 12-56-37,8
2022-02-14 13-01-57,3
2022-02-14 13-06-18,4
2022-02-14 13-08-58,4
2022-02-14 13-13-58,5
2022-02-14 13-20-58,4
2022-02-14 13-30-38,5
2022-02-14 13-35-59,5
2022-02-14 13-41-59,5
2022-02-14 13-45-19,10
2022-02-14 13-50-19,10
2022-02-14 13-56-59,8
2022-02-14 14-00-39,7
2022-02-14 14-06-20,10
2022-02-14 14-11-20,2
2022-02-14 14-20-20,4
2022-02-14 14-26-20,6
2022-02-14 14-30-40,7
2022-02-14 14-35-21,8
2022-02-14 14-41-21,12
2022-02-14 14-47-21,10
2022-02-14 14-52-01,9
2022-02-14 14-56-41,5
2022-02-14 15-00-02,8
2022-02-14 15-06-22,13
2022-02-14 15-11-42,7
2022-02-14 15-17-42,3
2022-02-14 15-22-22,5
2022-02-14 15-28-42,9
2022-02-14 15-32-22,3
2022-02-14 15-36-03,7
2022-02-14 15-41-03,1
2022-02-14 15-47-23,8
2022-02-14 15-53-43,7
2022-02-14 15-56-23,4
2022-02-14 16-02-43,4
2022-02-14 16-08-23,0
2022-02-14 16-11-44,3
2022-02-14 16-17-44,7
2022-02-14 16-21-44,3
2022-02-14 16-27-04,7
2022-02-14 16-32-24,3
2022-02-14 16-38-04,11
2022-02-14 16-42-25,6
2022-02-14 16-45-25,6
2022-02-14 16-51-05,11
2022-02-14 16-57-25,5
2022-02-14 17-01-25,11
2022-02-14 17-11-26,6
2022-02-14 17-20-46,5
2022-02-14 17-27-26,5
2022-02-14 17-36-46,13
2022-02-14 17-39-46,10
2022-02-14 17-44-27,8
2022-02-14 17-55-27,9
2022-02-14 17-56-07,10
2022-02-14 18-00-27,11
2022-02-14 18-06-07,8
2022-02-14 18-14-08,10
2022-02-14 18-15-28,12
2022-02-14 18-20-48,14
2022-02-14 18-26-08,10
2022-02-14 18-30-28,13
2022-02-14 18-34-48,9
2022-02-14 18-40-48,6
2022-02-14 18-46-09,11
2022-02-14 18-50-09,7
2022-02-14 18-55-09,9
2022-02-14 19-00-09,12
2022-02-14 19-04-49,12
2022-02-14 19-12-10,9
2022-02-14 19-15-50,8
2022-02-14 19-20-30,8
2022-02-14 19-26-10,10
2022-02-14 19-29-50,9
2022-02-14 19-35-50,11
2022-02-14 19-40-31,8
2022-02-14 19-43-11,9
2022-02-14 19-50-31,6
2022-02-14 19-54-31,4
2022-02-14 20-00-11,4
2022-02-14 20-05-32,1
2022-02-14 20-08-52,0
2022-02-14 20-15-12,2
2022-02-14 20-19-32,1
2022-02-14 20-24-32,4
2022-02-14 20-29-32,1
2022-02-14 20-35-53,1
2022-02-14 20-38-53,2
2022-02-14 20-43-13,5
2022-02-14 20-47-53,3
2022-02-14 21-00-14,3
2022-02-14 21-05-34,1
2022-02-14 21-09-14,0
2022-02-14 21-14-34,0
2022-02-14 21-19-54,0
2022-02-14 21-25-15,3
2022-02-14 21-30-15,1
2022-02-14 21-34-15,2
2022-02-14 21-38-55,1
2022-02-14 21-43-55,2
2022-02-14 21-48-15,2
2022-02-14 21-52-35,2
2022-02-14 21-58-36,1
2022-02-14 22-04-56,4
2022-02-14 22-09-36,1
2022-02-14 22-11-56,2
2022-02-14 22-20-36,0
2022-02-14 22-25-37,2
2022-02-14 22-29-17,2
2022-02-14 22-40-37,1
2022-02-14 22-44-37,0
2022-02-14 22-50-17,1
2022-02-14 22-54-18,1
2022-02-14 22-58-58,0
2022-02-14 23-05-18,2
2022-02-14 23-09-18,4
2022-02-14 23-13-18,1
2022-02-14 23-19-59,0
2022-02-14 23-24-19,3
2022-02-14 23-29-19,0
2022-02-14 23-33-19,1
2022-02-14 23-40-19,0
2022-02-14 23-44-39,1
2022-02-14 23-48-39,0
2022-02-14 23-55-20,3
2022-02-15 00-01-40,0
2022-02-15 00-08-00,1
2022-02-15 00-20-01,0
2022-02-15 00-24-21,0
2022-02-15 00-29-21,0
2022-02-15 00-35-02,1
2022-02-15 00-38-42,0
2022-02-15 00-45-22,0
2022-02-15 00-49-42,0
2022-02-15 00-54-02,0
2022-02-15 00-59-22,0
2022-02-15 01-04-43,2
2022-02-15 01-08-23,0
2022-02-15 01-14-23,0
2022-02-15 01-19-23,1
2022-02-15 01-29-04,0
2022-02-15 01-33-24,0
2022-02-15 01-41-44,0
2022-02-15 01-44-04,0
2022-02-15 01-50-24,0
2022-02-15 01-59-45,0
2022-02-15 02-05-05,0
2022-02-15 02-09-05,0
2022-02-15 02-14-45,0
2022-02-15 02-19-46,0
2022-02-15 02-25-46,1
2022-02-15 02-28-46,0
2022-02-15 02-35-06,0
2022-02-15 02-39-26,1
2022-02-15 02-44-27,0
2022-02-15 02-51-07,0
2022-02-15 02-54-27,0
2022-02-15 02-59-27,0
2022-02-15 03-03-47,0
2022-02-15 03-10-47,0
2022-02-15 03-14-48,0
2022-02-15 03-20-08,2
2022-02-15 03-26-08,0
2022-02-15 03-29-28,0
2022-02-15 03-34-28,0
2022-02-15 03-38-49,0
2022-02-15 03-43-49,0
2022-02-15 03-50-09,0
2022-02-15 03-54-29,0
2022-02-15 03-58-49,0
2022-02-15 04-03-49,0
2022-02-15 04-08-10,0
2022-02-15 04-13-10,0
2022-02-15 04-19-50,0
2022-02-15 04-26-10,0
2022-02-15 04-29-31,0
2022-02-15 04-35-51,0
2022-02-15 04-40-11,0
2022-02-15 04-40-51,0
2022-02-15 04-43-51,0
2022-02-15 04-50-11,0
2022-02-15 04-53-51,0
2022-02-15 04-58-51,1
2022-02-15 05-04-32,1
2022-02-15 05-09-12,0
2022-02-15 05-15-12,1
2022-02-15 05-19-52,0
2022-02-15 05-24-32,0
2022-02-15 05-28-12,0
2022-02-15 05-32-33,0
2022-02-15 05-37-33,2
2022-02-15 05-43-53,0
2022-02-15 05-48-13,0
2022-02-15 05-53-33,1
2022-02-15 05-58-34,1
2022-02-15 06-02-34,1
2022-02-15 06-10-34,3
2022-02-15 06-14-14,1
2022-02-15 06-19-15,2
2022-02-15 06-24-35,1
2022-02-15 06-29-15,0
2022-02-15 06-34-55,2
2022-02-15 06-39-15,6
2022-02-15 06-43-16,2
2022-02-15 06-50-36,6
2022-02-15 06-55-16,9
2022-02-15 07-01-56,6
2022-02-15 07-05-16,6
2022-02-15 07-09-16,6
2022-02-15 07-15-17,10
2022-02-15 07-22-57,12
2022-02-15 07-25-57,10
2022-02-15 07-29-37,9
2022-02-15 07-35-17,13
2022-02-15 07-39-38,13
2022-02-15 07-45-18,15
2022-02-15 07-51-38,10
2022-02-15 07-57-38,13
2022-02-15 08-01-59,12
2022-02-15 08-04-59,18
2022-02-15 08-11-19,14
2022-02-15 08-20-59,12
2022-02-15 08-26-19,21
2022-02-15 08-31-20,17
2022-02-15 08-42-00,13
2022-02-15 08-46-40,17
2022-02-15 08-51-00,16
2022-02-15 08-56-40,15
2022-02-15 09-00-20,8
2022-02-15 09-05-21,7
2022-02-15 09-11-21,10
2022-02-15 09-15-21,9
2022-02-15 09-22-41,9
2022-02-15 09-30-22,8
2022-02-15 09-34-42,6
2022-02-15 09-41-22,9
2022-02-15 09-46-42,14
2022-02-15 09-51-22,9
2022-02-15 10-02-43,11
2022-02-15 10-07-23,5
2022-02-15 10-11-03,10
2022-02-15 10-15-43,9
2022-02-15 10-21-04,6
2022-02-15 10-31-24,4
2022-02-15 10-36-04,4
2022-02-15 10-42-24,7
2022-02-15 10-45-24,9
2022-02-15 10-50-24,11
2022-02-15 10-56-45,10
2022-02-15 11-00-25,7
2022-02-15 11-06-05,6
2022-02-15 11-11-05,7
2022-02-15 11-15-25,7
2022-02-15 11-22-05,5
2022-02-15 11-27-05,3
2022-02-15 11-31-26,9
2022-02-15 11-36-06,7
2022-02-15 11-40-46,10
2022-02-15 11-47-26,3
2022-02-15 11-51-06,6
2022-02-15 11-56-07,11
2022-02-15 12-02-27,8
2022-02-15 12-05-47,7
2022-02-15 12-12-27,2
2022-02-15 12-16-47,7
2022-02-15 12-21-07,10
2022-02-15 12-28-47,11
2022-02-15 12-30-28,6
2022-02-15 12-35-48,4
2022-02-15 12-41-48,8
2022-02-15 12-46-48,4
2022-02-15 12-55-28,10
2022-02-15 12-56-08,5
2022-02-15 13-00-09,8
2022-02-15 13-05-49,9
2022-02-15 13-09-29,6
2022-02-15 13-21-09,5
2022-02-15 13-27-29,12
2022-02-15 13-30-10,6
2022-02-15 13-38-30,2
2022-02-15 13-41-10,4
2022-02-15 13-52-30,8
2022-02-15 13-56-51,10
2022-02-15 14-02-11,12
2022-02-15 14-07-31,6
2022-02-15 14-08-51,9
2022-02-15 14-16-31,10
2022-02-15 14-20-31,10
2022-02-15 14-25-11,9
2022-02-15 14-29-32,6
2022-02-15 14-37-12,9
2022-02-15 14-41-12,10
2022-02-15 14-45-32,12
2022-02-15 14-51-52,7
2022-02-15 14-56-32,5
2022-02-15 15-00-33,10
2022-02-15 15-06-53,11
2022-02-15 15-11-13,7
2022-02-15 15-15-33,9
2022-02-15 15-20-53,11
2022-02-15 15-26-13,13
2022-02-15 15-31-53,7
2022-02-15 15-36-34,5
2022-02-15 15-41-34,7
2022-02-15 15-45-14,6
2022-02-15 15-50-54,1
2022-02-15 15-55-14,10
2022-02-15 16-00-34,7
2022-02-15 16-08-15,5
2022-02-15 16-11-55,11
2022-02-15 16-15-15,5
2022-02-15 16-18-35,3
2022-02-15 16-27-35,8
2022-02-15 16-30-35,8
2022-02-15 16-35-36,5
2022-02-15 16-40-36,15
2022-02-15 16-48-16,9
2022-02-15 16-51-16,8
2022-02-15 16-55-56,10
2022-02-15 17-00-36,9
2022-02-15 17-06-17,10
2022-02-15 17-11-17,14
2022-02-15 17-14-57,12
2022-02-15 17-20-57,5
2022-02-15 17-27-37,8
2022-02-15 17-30-37,12
2022-02-15 17-36-17,13
2022-02-15 17-41-38,12
2022-02-15 17-45-18,8
2022-02-15 17-48-38,14
2022-02-15 17-52-58,9
2022-02-15 17-58-38,13
2022-02-15 18-05-38,12
2022-02-15 18-12-19,11
2022-02-15 18-16-59,13
2022-02-15 18-20-39,16
2022-02-15 18-23-59,12
2022-02-15 18-28-39,8
2022-02-15 18-33-39,8
2022-02-15 18-38-40,10
2022-02-15 18-44-40,8
2022-02-15 18-51-20,12
2022-02-15 18-54-00,9
2022-02-15 18-59-40,13
2022-02-15 19-07-01,8
2022-02-15 19-11-41,13
2022-02-15 19-15-21,5
2022-02-15 19-20-01,8
2022-02-15 19-25-01,8
2022-02-15 19-29-21,7
2022-02-15 19-35-22,7
2022-02-15 19-40-02,11
2022-02-15 19-45-22,4
2022-02-15 19-50-22,4
2022-02-15 19-55-02,3
2022-02-15 19-59-43,3
2022-02-15 20-04-43,1
2022-02-15 20-07-43,4
2022-02-15 20-14-03,2
2022-02-15 20-21-03,1
2022-02-15 20-24-03,2
2022-02-15 20-29-44,1
2022-02-15 20-34-24,0
2022-02-15 20-40-24,5
2022-02-15 20-44-04,4
2022-02-15 20-50-44,6
2022-02-15 20-54-25,5
2022-02-15 20-59-25,0
2022-02-15 21-04-45,0
2022-02-15 21-09-05,1
2022-02-15 21-14-25,2
2022-02-15 21-20-06,4
2022-02-15 21-24-26,1
2022-02-15 21-29-26,2
2022-02-15 21-35-26,0
2022-02-15 21-40-06,1
2022-02-15 21-44-06,2
2022-02-15 21-48-07,2
2022-02-15 21-53-47,0
2022-02-15 21-58-27,2
2022-02-15 22-08-47,0
2022-02-15 22-15-07,2
2022-02-15 22-18-48,3
2022-02-15 22-26-08,2
2022-02-15 22-29-28,0
2022-02-15 22-36-08,5
2022-02-15 22-39-28,1
2022-02-15 22-43-08,2
2022-02-15 22-48-29,0
2022-02-15 22-52-49,3
2022-02-15 22-57-09,0
2022-02-15 23-06-09,3
2022-02-15 23-11-10,1
2022-02-15 23-15-10,0
2022-02-15 23-20-30,0
2022-02-15 23-24-50,1
2022-02-15 23-29-50,3
2022-02-15 23-36-11,2
2022-02-15 23-39-11,2
2022-02-15 23-43-51,0
2022-02-15 23-48-31,0
2022-02-15 23-54-51,0
2022-02-15 23-59-31,2
2022-02-16 00-03-11,1
2022-02-16 00-08-12,0
2022-02-16 00-12-52,0
2022-02-16 00-19-12,2
2022-02-16 00-24-32,1
2022-02-16 00-28-33,0
2022-02-16 00-35-33,2
2022-02-16 00-41-13,0
2022-02-16 00-43-33,0
2022-02-16 00-49-33,1
2022-02-16 00-54-53,0
2022-02-16 00-59-14,1
2022-02-16 01-07-14,1
2022-02-16 01-10-34,1
2022-02-16 01-15-14,0
2022-02-16 01-19-54,0
2022-02-16 01-28-55,0
2022-02-16 01-34-35,0
2022-02-16 01-38-15,0
2022-02-16 01-43-55,1
2022-02-16 01-49-35,0
2022-02-16 01-53-56,0
2022-02-16 01-59-56,0
2022-02-16 02-04-36,0
2022-02-16 02-07-56,0
2022-02-16 02-14-57,0
2022-02-16 02-20-17,1
2022-02-16 02-23-57,0
2022-02-16 02-28-37,0
2022-02-16 02-34-57,0
2022-02-16 02-39-17,0
2022-02-16 02-43-58,0
2022-02-16 02-48-38,0
2022-02-16 02-53-58,0
2022-02-16 02-58-38,0
2022-02-16 03-04-58,0
2022-02-16 03-09-19,0
2022-02-16 03-15-39,1
2022-02-16 03-19-59,0
2022-02-16 03-24-39,1
2022-02-16 03-28-59,0
2022-02-16 03-35-20,0
2022-02-16 03-39-20,0
2022-02-16 03-45-00,0
2022-02-16 03-48-40,0
2022-02-16 03-54-20,0
2022-02-16 04-00-01,0
2022-02-16 04-05-01,0
2022-02-16 04-09-21,1
2022-02-16 04-13-41,0
2022-02-16 04-20-01,0
2022-02-16 04-23-01,0
2022-02-16 04-29-22,0
2022-02-16 04-35-22,0
2022-02-16 04-38-42,0
2022-02-16 04-44-22,0
2022-02-16 04-49-42,0
2022-02-16 04-54-23,0
2022-02-16 04-58-23,0
2022-02-16 05-05-03,0
2022-02-16 05-10-43,1
2022-02-16 05-14-23,0
2022-02-16 05-18-44,1
2022-02-16 05-23-44,0
2022-02-16 05-29-24,0
2022-02-16 05-33-44,0
2022-02-16 05-39-25,0
2022-02-16 05-43-25,0
2022-02-16 05-48-45,1
2022-02-16 05-54-05,1
2022-02-16 05-59-25,0
2022-02-16 06-05-05,2
2022-02-16 06-09-25,0
2022-02-16 06-14-06,2
2022-02-16 06-18-06,0
2022-02-16 06-23-06,1
2022-02-16 06-29-06,1
2022-02-16 06-35-06,3
2022-02-16 06-39-47,0
2022-02-16 06-43-47,3
2022-02-16 06-48-27,7
2022-02-16 06-55-27,3
2022-02-16 06-59-27,7
2022-02-16 07-06-08,8
2022-02-16 07-09-48,8
2022-02-16 07-13-08,8
2022-02-16 07-20-29,8
2022-02-16 07-25-48,12
2022-02-16 07-28-48,13
2022-02-16 07-35-49,15
2022-02-16 07-41-09,12
2022-02-16 07-44-29,14
2022-02-16 07-51-09,12
2022-02-16 07-54-09,8
2022-02-16 08-01-49,4
2022-02-16 08-05-10,8
2022-02-16 08-10-10,10
2022-02-16 08-15-50,12
2022-02-16 08-21-10,11
2022-02-16 08-30-11,7
2022-02-16 08-35-31,9
2022-02-16 08-38-51,6
2022-02-16 08-45-51,9
2022-02-16 08-51-11,6
2022-02-16 08-56-11,9
2022-02-16 09-01-52,10
2022-02-16 09-05-12,10
2022-02-16 09-10-12,13
2022-02-16 09-17-32,11
2022-02-16 09-20-32,11
2022-02-16 09-26-53,12
2022-02-16 09-30-33,19
2022-02-16 09-34-53,13
2022-02-16 09-41-53,14
2022-02-16 09-45-13,12
2022-02-16 09-50-33,12
2022-02-16 09-55-53,8
2022-02-16 10-01-54,7
2022-02-16 10-11-54,12
2022-02-16 10-16-14,15
2022-02-16 10-21-14,7
2022-02-16 10-25-34,12
2022-02-16 10-30-34,8
2022-02-16 10-41-55,7
2022-02-16 10-51-35,8
2022-02-16 10-57-15,6
2022-02-16 11-02-56,8
2022-02-16 11-07-56,10
2022-02-16 11-11-16,12
2022-02-16 11-13-56,8
2022-02-16 11-19-16,9
2022-02-16 11-26-36,3
2022-02-16 11-30-57,6
2022-02-16 11-36-37,13
2022-02-16 11-41-37,11
2022-02-16 11-43-17,8
2022-02-16 11-49-17,10
2022-02-16 11-53-57,5
2022-02-16 12-00-37,6
2022-02-16 12-04-17,7
2022-02-16 12-08-58,4
2022-02-16 12-14-38,4
2022-02-16 12-22-38,13
2022-02-16 12-26-38,10
2022-02-16 12-30-18,9
2022-02-16 12-36-59,9
2022-02-16 12-40-59,14
2022-02-16 12-45-19,11
2022-02-16 12-50-19,7
2022-02-16 12-56-59,7
2022-02-16 13-00-19,13
2022-02-16 13-06-19,6
2022-02-16 13-10-40,8
2022-02-16 13-15-40,8
2022-02-16 13-20-00,5
2022-02-16 13-25-40,6
2022-02-16 13-30-00,6
2022-02-16 13-35-20,4
2022-02-16 13-41-00,8
2022-02-16 13-45-21,8
2022-02-16 13-48-41,2
2022-02-16 13-54-01,4
2022-02-16 13-58-01,6
2022-02-16 14-05-01,8
2022-02-16 14-10-41,8
2022-02-16 14-16-01,7
2022-02-16 14-22-02,7
2022-02-16 14-30-42,10
2022-02-16 14-38-02,7
2022-02-16 14-41-22,4
2022-02-16 14-46-03,16
2022-02-16 14-51-03,9
2022-02-16 14-56-43,6
2022-02-16 14-59-43,5
2022-02-16 15-06-23,10
2022-02-16 15-11-23,13
2022-02-16 15-15-24,8
2022-02-16 15-20-04,7
2022-02-16 15-25-44,4
2022-02-16 15-30-44,7
2022-02-16 15-35-24,4
2022-02-16 15-41-05,6
2022-02-16 15-46-05,9
2022-02-16 15-50-05,8
2022-02-16 15-56-05,4
2022-02-16 16-01-25,8
2022-02-16 16-08-05,12
2022-02-16 16-10-05,10
2022-02-16 16-14-26,8
2022-02-16 16-23-06,10
2022-02-16 16-26-06,6
2022-02-16 16-28-46,5
2022-02-16 16-34-46,7
2022-02-16 16-41-07,10
2022-02-16 16-44-47,11
2022-02-16 16-53-47,6
2022-02-16 16-56-07,6
2022-02-16 17-00-47,9
2022-02-16 17-05-07,2
2022-02-16 17-13-28,9
2022-02-16 17-14-48,4
2022-02-16 17-20-48,8
2022-02-16 17-25-08,8
2022-02-16 17-30-28,9
2022-02-16 17-35-28,11
2022-02-16 17-40-49,10
2022-02-16 17-46-29,10
2022-02-16 17-52-49,13
2022-02-16 17-57-29,9
2022-02-16 18-01-49,12
2022-02-16 18-05-29,11
2022-02-16 18-11-10,11
2022-02-16 18-15-10,11
2022-02-16 18-20-50,14
2022-02-16 18-29-30,15
2022-02-16 18-36-10,11
2022-02-16 18-42-11,15
2022-02-16 18-45-11,13
2022-02-16 18-50-31,9
2022-02-16 18-56-11,13
2022-02-16 19-00-11,12
2022-02-16 19-05-51,9
2022-02-16 19-10-51,3
2022-02-16 19-14-12,6
2022-02-16 19-23-12,8
2022-02-16 19-25-12,7
2022-02-16 19-29-52,9
2022-02-16 19-35-12,7
2022-02-16 19-41-53,9
2022-02-16 19-43-53,5
2022-02-16 19-51-13,1
2022-02-16 19-55-53,2
2022-02-16 19-58-53,3
2022-02-16 20-04-33,1
2022-02-16 20-09-34,2
2022-02-16 20-13-54,3
2022-02-16 20-19-14,5
2022-02-16 20-30-14,2
2022-02-16 20-34-55,2
2022-02-16 20-38-55,2
2022-02-16 20-50-35,3
2022-02-16 20-54-15,1
2022-02-16 20-59-36,1
2022-02-16 21-04-36,1
2022-02-16 21-08-36,2
2022-02-16 21-13-56,3
2022-02-16 21-20-36,4
2022-02-16 21-23-57,0
2022-02-16 21-28-57,1
2022-02-16 21-36-37,5
2022-02-16 21-37-57,1
2022-02-16 21-48-37,4
2022-02-16 21-52-38,3
2022-02-16 21-57-58,0
2022-02-16 22-12-18,5
2022-02-16 22-13-59,2
2022-02-16 22-24-19,1
2022-02-16 22-29-59,0
2022-02-16 22-35-19,3
2022-02-16 22-39-20,3
2022-02-16 22-44-40,2
2022-02-16 22-49-20,0
2022-02-16 23-00-00,1
2022-02-16 23-06-20,0
2022-02-16 23-08-41,1
2022-02-16 23-14-01,3
2022-02-16 23-20-21,0
2022-02-16 23-24-21,1
2022-02-16 23-29-21,1
2022-02-16 23-35-22,1
2022-02-16 23-39-22,1
2022-02-16 23-44-22,0
2022-02-16 23-50-02,1
2022-02-16 23-59-23,0
2022-02-17 00-02-43,1
2022-02-17 00-08-03,2
2022-02-17 00-13-43,0
2022-02-17 00-18-43,0
2022-02-17 00-25-03,0
2022-02-17 00-27-23,0
2022-02-17 00-34-24,0
2022-02-17 00-39-24,0
2022-02-17 00-43-04,1
2022-02-17 00-48-04,0
2022-02-17 00-53-05,0
2022-02-17 00-57-25,0
2022-02-17 01-05-05,0
2022-02-17 01-09-05,0
2022-02-17 01-14-05,0
2022-02-17 01-18-46,0
2022-02-17 01-24-06,0
2022-02-17 01-29-26,0
2022-02-17 01-34-46,0
2022-02-17 01-41-06,0
2022-02-17 01-44-06,0
2022-02-17 01-50-07,0
2022-02-17 01-54-47,0
2022-02-17 02-00-07,0
2022-02-17 02-04-47,0
2022-02-17 02-11-07,0
2022-02-17 02-13-48,0
2022-02-17 02-21-08,0
2022-02-17 02-24-28,0
2022-02-17 02-28-08,0
2022-02-17 02-33-08,0
2022-02-17 02-40-29,0
2022-02-17 02-44-29,0
2022-02-17 02-50-09,0
2022-02-17 02-56-09,0
2022-02-17 03-00-49,0
2022-02-17 03-10-50,0
2022-02-17 03-14-30,0
2022-02-17 03-20-50,0
2022-02-17 03-25-50,0
2022-02-17 03-28-50,0
2022-02-17 03-34-31,0
2022-02-17 03-38-51,0
2022-02-17 03-45-11,0
2022-02-17 03-50-11,0
2022-02-17 03-53-51,0
2022-02-17 03-58-52,0
2022-02-17 04-05-12,0
2022-02-17 04-08-12,0
2022-02-17 04-15-12,0
2022-02-17 04-20-32,0
2022-02-17 04-23-12,0
2022-02-17 04-29-33,0
2022-02-17 04-33-13,0
2022-02-17 04-39-13,0
2022-02-17 04-43-53,0
2022-02-17 04-48-33,0
2022-02-17 04-59-14,0
2022-02-17 05-05-14,0
2022-02-17 05-08-34,0
2022-02-17 05-14-34,0
2022-02-17 05-20-15,0
2022-02-17 05-25-35,0
2022-02-17 05-29-35,0
2022-02-17 05-33-15,0
2022-02-17 05-39-55,0
2022-02-17 05-44-56,0
2022-02-17 05-49-36,0
2022-02-17 05-53-16,0
2022-02-17 05-58-36,0
2022-02-17 06-03-16,1
2022-02-17 06-09-17,0
2022-02-17 06-13-37,0
2022-02-17 06-20-17,0
2022-02-17 06-23-57,4
2022-02-17 06-29-17,1
2022-02-17 06-33-57,2
2022-02-17 06-39-18,2
2022-02-17 06-43-18,4
2022-02-17 06-51-18,7
2022-02-17 06-54-18,3
2022-02-17 06-59-58,4
2022-02-17 07-10-39,6
2022-02-17 07-13-59,7
2022-02-17 07-20-59,9
2022-02-17 07-26-19,6
2022-02-17 07-32-20,9
2022-02-17 07-35-20,8
2022-02-17 07-42-00,16
2022-02-17 07-45-40,17
2022-02-17 07-52-00,13
2022-02-17 07-54-40,17
2022-02-17 08-02-41,14
2022-02-17 08-06-41,12
2022-02-17 08-10-41,15
2022-02-17 08-13-41,18
2022-02-17 08-18-21,13
2022-02-17 08-24-01,14
2022-02-17 08-30-22,13
2022-02-17 08-36-42,19
2022-02-17 08-40-02,10
2022-02-17 08-45-42,14
2022-02-17 08-49-02,5
2022-02-17 08-54-23,14
2022-02-17 09-00-23,13
2022-02-17 09-06-23,11
2022-02-17 09-12-03,7
2022-02-17 09-15-03,11
2022-02-17 09-20-03,15
2022-02-17 09-28-44,10
2022-02-17 09-33-44,9
2022-02-17 09-39-24,3
2022-02-17 09-43-24,0
2022-02-17 09-55-24,6
2022-02-17 09-59-05,11
2022-02-17 10-06-45,7
2022-02-17 10-10-25,10
2022-02-17 10-15-45,7
2022-02-17 10-26-45,8
2022-02-17 10-30-26,6
2022-02-17 10-35-26,9
2022-02-17 10-41-26,8
2022-02-17 10-46-46,9
2022-02-17 10-50-26,7
2022-02-17 10-57-27,8
2022-02-17 11-00-27,6
2022-02-17 11-06-07,4
2022-02-17 11-12-27,7
2022-02-17 11-15-27,5
2022-02-17 11-20-27,5
2022-02-17 11-30-48,6
2022-02-17 11-37-28,4
2022-02-17 11-42-28,4
2022-02-17 11-46-48,5
2022-02-17 11-51-08,3
2022-02-17 11-57-28,3
2022-02-17 12-00-48,7
2022-02-17 12-07-29,6
2022-02-17 12-14-09,4
2022-02-17 12-15-49,8
2022-02-17 12-21-09,5
2022-02-17 12-24-49,3
2022-02-17 12-37-50,7
2022-02-17 12-39-50,4
2022-02-17 12-46-50,7
2022-02-17 12-54-10,7
2022-02-17 12-56-10,4
2022-02-17 12-59-50,10
2022-02-17 13-07-51,9
2022-02-17 13-12-11,5
2022-02-17 13-15-11,6
2022-02-17 13-21-31,10
2022-02-17 13-27-11,6
2022-02-17 13-32-31,3
2022-02-17 13-37-51,14
2022-02-17 13-41-52,9
2022-02-17 13-45-32,9
2022-02-17 13-48-12,7
2022-02-17 13-53-32,15
2022-02-17 13-58-52,5
2022-02-17 14-03-12,2
2022-02-17 14-08-32,5
2022-02-17 14-18-33,11
2022-02-17 14-20-33,11
2022-02-17 14-26-13,7
2022-02-17 14-31-13,9
2022-02-17 14-37-33,13
2022-02-17 14-41-34,9
2022-02-17 14-45-34,6
2022-02-17 14-55-14,5
2022-02-17 14-56-14,4
2022-02-17 15-00-34,5
2022-02-17 15-07-54,6
2022-02-17 15-12-34,7
2022-02-17 15-18-35,5
2022-02-17 15-26-55,8
2022-02-17 15-29-55,14
2022-02-17 15-33-55,4
2022-02-17 15-41-56,3
2022-02-17 15-45-16,3
2022-02-17 15-50-56,5
2022-02-17 15-56-36,6
2022-02-17 16-00-16,10
2022-02-17 16-05-56,4
2022-02-17 16-12-17,6
2022-02-17 16-17-17,3
2022-02-17 16-26-17,10
2022-02-17 16-29-17,7
2022-02-17 16-40-58,14
2022-02-17 16-45-18,9
2022-02-17 16-51-38,11
2022-02-17 16-55-58,11
2022-02-17 17-00-38,4
2022-02-17 17-05-18,1
2022-02-17 17-12-19,8
2022-02-17 17-14-59,12
2022-02-17 17-21-59,12
2022-02-17 17-26-19,8
2022-02-17 17-31-59,10
2022-02-17 17-35-39,7
2022-02-17 17-41-40,8
2022-02-17 17-47-40,8
2022-02-17 17-51-00,4
2022-02-17 17-54-00,11
2022-02-17 18-00-40,12
2022-02-17 18-05-20,13
2022-02-17 18-09-40,12
2022-02-17 18-21-01,15
2022-02-17 18-29-41,13
2022-02-17 18-40-41,12
2022-02-17 18-46-02,10
2022-02-17 18-50-42,11
2022-02-17 18-54-22,6
2022-02-17 19-00-42,8
2022-02-17 19-04-42,8
2022-02-17 19-14-03,10
2022-02-17 19-15-23,8
2022-02-17 19-20-03,4
2022-02-17 19-24-03,7
2022-02-17 19-29-43,5
2022-02-17 19-35-24,4
2022-02-17 19-38-24,2
2022-02-17 19-45-44,5
2022-02-17 19-50-24,3
2022-02-17 19-54-24,1
2022-02-17 19-59-44,2
2022-02-17 20-03-24,3
2022-02-17 20-09-05,0
2022-02-17 20-14-45,3
2022-02-17 20-19-05,0
2022-02-17 20-24-05,2
2022-02-17 20-29-05,3
2022-02-17 20-33-26,2
2022-02-17 20-39-46,2
2022-02-17 20-45-06,1
2022-02-17 20-50-26,4
2022-02-17 20-54-46,1
2022-02-17 20-59-27,0
2022-02-17 21-09-07,1
2022-02-17 21-14-07,1
2022-02-17 21-20-27,0
2022-02-17 21-24-27,1
2022-02-17 21-28-48,1
2022-02-17 21-35-28,0
2022-02-17 21-40-28,2
2022-02-17 21-44-08,1
2022-02-17 21-48-48,2
2022-02-17 21-53-08,0
2022-02-17 21-58-49,1
2022-02-17 22-09-49,0
2022-02-17 22-19-49,0
2022-02-17 22-23-29,1
2022-02-17 22-27-30,2
2022-02-17 22-32-30,0
2022-02-17 22-39-10,0
2022-02-17 22-44-10,0
2022-02-17 22-49-10,0
2022-02-17 22-54-11,1
2022-02-17 22-58-11,0
2022-02-17 23-05-51,1
2022-02-17 23-09-31,0
2022-02-17 23-20-12,2
2022-02-17 23-24-12,0
2022-02-17 23-29-12,2
2022-02-17 23-34-12,0
2022-02-17 23-39-12,1
2022-02-17 23-44-13,1
2022-02-17 23-49-33,1
2022-02-17 23-55-33,2
2022-02-17 23-58-53,0
2022-02-18 00-03-53,0
2022-02-18 00-09-13,0
2022-02-18 00-15-14,2
2022-02-18 00-19-34,1
2022-02-18 00-24-14,0
2022-02-18 00-28-54,1
2022-02-18 00-34-55,0
2022-02-18 00-38-55,1
2022-02-18 00-45-15,2
2022-02-18 00-49-55,0
2022-02-18 00-54-35,0
2022-02-18 00-59-15,0
2022-02-18 01-03-16,0
2022-02-18 01-08-36,1
2022-02-18 01-15-36,0
2022-02-18 01-18-56,0
2022-02-18 01-23-56,1
2022-02-18 01-27-16,0
2022-02-18 01-37-57,1
2022-02-18 01-40-17,0
2022-02-18 01-48-37,0
2022-02-18 01-53-18,0
2022-02-18 01-59-18,0
2022-02-18 02-04-58,0
2022-02-18 02-09-38,1
2022-02-18 02-15-38,0
2022-02-18 02-19-39,1
2022-02-18 02-24-19,0
2022-02-18 02-29-59,1
2022-02-18 02-34-19,0
2022-02-18 02-37-19,0
2022-02-18 02-44-19,0
2022-02-18 02-50-20,0
2022-02-18 02-53-20,1
2022-02-18 03-00-40,1
2022-02-18 03-02-00,0
2022-02-18 03-09-40,0
2022-02-18 03-14-41,0
2022-02-18 03-21-41,0
2022-02-18 03-23-41,0
2022-02-18 03-29-01,0
2022-02-18 03-35-21,0
2022-02-18 03-39-22,0
2022-02-18 03-44-02,0
2022-02-18 03-50-02,0
2022-02-18 03-54-22,0
2022-02-18 03-59-22,0
2022-02-18 04-05-03,0
2022-02-18 04-08-23,0
2022-02-18 04-18-03,0
2022-02-18 04-24-03,0
2022-02-18 04-28-24,0
2022-02-18 04-34-04,1
2022-02-18 04-39-44,0
2022-02-18 04-43-24,0
2022-02-18 04-49-04,0
2022-02-18 04-53-25,0
2022-02-18 04-59-45,2
2022-02-18 05-05-45,0
2022-02-18 05-09-05,0
2022-02-18 05-14-05,0
2022-02-18 05-19-45,0
2022-02-18 05-24-06,1
2022-02-18 05-29-06,1
2022-02-18 05-33-06,0
2022-02-18 05-38-46,0
2022-02-18 05-43-46,2
2022-02-18 05-48-07,3
2022-02-18 05-52-27,1
2022-02-18 05-57-47,2
2022-02-18 06-03-07,0
2022-02-18 06-09-47,0
2022-02-18 06-13-48,0
2022-02-18 06-19-08,2
2022-02-18 06-24-08,2
2022-02-18 06-29-08,2
2022-02-18 06-39-09,3
2022-02-18 06-43-09,4
2022-02-18 06-49-49,4
2022-02-18 06-53-29,3
2022-02-18 06-59-49,8
2022-02-18 07-04-09,7
2022-02-18 07-08-10,9
2022-02-18 07-18-10,8
2022-02-18 07-24-10,10
2022-02-18 07-29-50,12
2022-02-18 07-34-31,11
2022-02-18 07-41-11,13
2022-02-18 07-44-51,13
2022-02-18 07-51-11,14
2022-02-18 07-55-51,12
2022-02-18 07-59-11,14
2022-02-18 08-04-32,17
2022-02-18 08-11-12,13
2022-02-18 08-15-32,10
2022-02-18 08-20-52,17
2022-02-18 08-26-12,13
2022-02-18 08-30-33,12
2022-02-18 08-36-33,14
2022-02-18 08-41-13,7
2022-02-18 08-44-53,14
2022-02-18 08-51-53,9
2022-02-18 08-53-13,5
2022-02-18 08-59-54,9
2022-02-18 09-07-34,13
2022-02-18 09-09-34,15
2022-02-18 09-21-14,7
2022-02-18 09-24-14,8
2022-02-18 09-30-15,10
2022-02-18 09-36-15,11
2022-02-18 09-41-55,5
2022-02-18 09-47-55,9
2022-02-18 09-51-55,6
2022-02-18 09-54-15,8
2022-02-18 10-01-36,15
2022-02-18 10-06-36,4
2022-02-18 10-11-56,9
2022-02-18 10-15-36,9
2022-02-18 10-20-36,8
2022-02-18 10-30-17,5
2022-02-18 10-36-37,11
2022-02-18 10-39-37,6
2022-02-18 10-52-57,8
2022-02-18 10-56-38,13
2022-02-18 11-00-17,12
2022-02-18 11-06-38,6
2022-02-18 11-11-38,5
2022-02-18 11-17-18,8
2022-02-18 11-21-18,7
2022-02-18 11-25-38,9
2022-02-18 11-29-38,7
2022-02-18 11-41-39,0
2022-02-18 11-45-19,5
2022-02-18 11-52-19,8
2022-02-18 11-56-39,12
2022-02-18 12-01-59,8
2022-02-18 12-05-00,7
2022-02-18 12-13-20,11
2022-02-18 12-23-20,5
2022-02-18 12-32-40,10
2022-02-18 12-36-01,5
2022-02-18 12-40-01,12
2022-02-18 12-45-21,8
2022-02-18 12-51-21,11
2022-02-18 12-55-41,3
2022-02-18 13-00-41,8
2022-02-18 13-09-42,1
2022-02-18 13-15-22,10
2022-02-18 13-21-02,2
2022-02-18 13-26-02,8
2022-02-18 13-37-23,5
2022-02-18 13-42-03,11
2022-02-18 13-44-23,7
2022-02-18 13-51-03,11
2022-02-18 13-55-43,14
2022-02-18 14-00-03,6
2022-02-18 14-06-03,9
2022-02-18 14-10-24,8
2022-02-18 14-23-24,4
2022-02-18 14-25-44,5
2022-02-18 14-31-44,2
2022-02-18 14-36-44,11
2022-02-18 14-41-04,5
2022-02-18 14-47-05,3
2022-02-18 14-53-45,5
2022-02-18 14-56-05,9
2022-02-18 14-59-45,8
2022-02-18 15-06-05,8
2022-02-18 15-10-25,6
2022-02-18 15-17-06,6
2022-02-18 15-27-26,6
2022-02-18 15-32-06,7
2022-02-18 15-38-46,5
2022-02-18 15-40-46,6
2022-02-18 15-45-06,4
2022-02-18 15-51-27,6
2022-02-18 15-53-47,8
2022-02-18 15-59-07,14
2022-02-18 16-03-47,10
2022-02-18 16-11-07,5
2022-02-18 16-15-47,4
2022-02-18 16-20-28,4
2022-02-18 16-25-48,5
2022-02-18 16-32-48,11
2022-02-18 16-37-28,8
2022-02-18 16-40-48,7
2022-02-18 16-53-09,5
2022-02-18 16-57-29,7
2022-02-18 17-00-29,3
2022-02-18 17-11-09,5
2022-02-18 17-21-10,7
2022-02-18 17-29-10,5
2022-02-18 17-31-50,6
2022-02-18 17-34-50,8
2022-02-18 17-40-30,13
2022-02-18 17-45-30,6
2022-02-18 17-48-31,3
2022-02-18 17-58-51,10
2022-02-18 18-05-31,12
2022-02-18 18-11-51,12
2022-02-18 18-15-32,9
2022-02-18 18-19-52,9
2022-02-18 18-24-52,12
2022-02-18 18-29-52,9
2022-02-18 18-35-12,14
2022-02-18 18-39-52,17
2022-02-18 18-43-52,10
2022-02-18 18-52-13,10
2022-02-18 18-56-53,12
2022-02-18 18-59-33,10
2022-02-18 19-04-13,12
2022-02-18 19-10-54,9
2022-02-18 19-14-54,10
2022-02-18 19-19-34,6
2022-02-18 19-29-14,8
2022-02-18 19-35-34,10
2022-02-18 19-39-34,11
2022-02-18 19-44-15,10
2022-02-18 19-49-55,6
2022-02-18 19-54-55,2
2022-02-18 20-00-35,4
2022-02-18 20-05-15,1
2022-02-18 20-10-16,2
2022-02-18 20-13-36,6
2022-02-18 20-17-56,4
2022-02-18 20-23-36,2
2022-02-18 20-27-16,5
2022-02-18 20-39-17,2
2022-02-18 20-49-17,0
2022-02-18 20-53-58,0
2022-02-18 20-59-57,3
2022-02-18 21-04-38,3
2022-02-18 21-09-18,3
2022-02-18 21-14-18,2
2022-02-18 21-19-18,4
2022-02-18 21-26-59,3
2022-02-18 21-28-58,3
2022-02-18 21-39-39,0
2022-02-18 21-43-59,3
2022-02-18 21-47-59,2
2022-02-18 21-52-39,1
2022-02-18 21-58-20,2
2022-02-18 22-08-40,2
2022-02-18 22-15-00,0
2022-02-18 22-20-40,0
2022-02-18 22-24-41,2
2022-02-18 22-29-01,1
2022-02-18 22-35-01,0
2022-02-18 22-39-21,2
2022-02-18 22-44-01,1
2022-02-18 22-50-22,1
2022-02-18 22-53-42,1
2022-02-18 22-59-42,2
2022-02-18 23-04-42,0
2022-02-18 23-09-02,1
2022-02-18 23-14-02,1
2022-02-18 23-20-23,3
2022-02-18 23-23-23,3
2022-02-18 23-29-23,2
2022-02-18 23-32-23,1
2022-02-18 23-40-03,2
2022-02-18 23-45-04,2
2022-02-18 23-50-04,2
2022-02-18 23-54-04,1
2022-02-18 23-59-24,0
2022-02-19 00-04-04,2
2022-02-19 00-08-25,1
2022-02-19 00-13-05,2
2022-02-19 00-18-25,1
2022-02-19 00-22-45,1
2022-02-19 00-28-05,2
2022-02-19 00-33-26,1
2022-02-19 00-37-46,0
2022-02-19 00-44-26,0
2022-02-19 00-50-06,1
2022-02-19 00-53-26,2
2022-02-19 00-58-47,0
2022-02-19 01-09-27,0
2022-02-19 01-20-27,1
2022-02-19 01-22-28,0
2022-02-19 01-29-28,0
2022-02-19 01-38-48,0
2022-02-19 01-43-08,1
2022-02-19 01-50-28,0
2022-02-19 01-54-49,1
2022-02-19 01-58-49,0
2022-02-19 02-09-29,0
2022-02-19 02-13-29,0
2022-02-19 02-18-49,1
2022-02-19 02-24-50,0
2022-02-19 02-29-10,2
2022-02-19 02-35-30,0
2022-02-19 02-39-10,0
2022-02-19 02-43-50,0
2022-02-19 02-49-51,1
2022-02-19 02-55-11,0
2022-02-19 02-59-31,0
2022-02-19 03-08-51,0
2022-02-19 03-15-32,0
2022-02-19 03-19-52,0
2022-02-19 03-24-32,1
2022-02-19 03-29-12,0
2022-02-19 03-38-52,0
2022-02-19 03-44-53,0
2022-02-19 03-50-53,0
2022-02-19 03-54-13,1
2022-02-19 03-59-13,0
2022-02-19 04-04-33,1
2022-02-19 04-10-13,2
2022-02-19 04-12-14,0
2022-02-19 04-19-14,0
2022-02-19 04-29-14,2
2022-02-19 04-34-14,1
2022-02-19 04-38-55,0
2022-02-19 04-43-55,2
2022-02-19 04-47-55,1
2022-02-19 04-52-55,0
2022-02-19 04-57-15,0
2022-02-19 05-05-16,2
2022-02-19 05-09-16,0
2022-02-19 05-13-36,0
2022-02-19 05-19-16,2
2022-02-19 05-23-56,1
2022-02-19 05-28-57,0
2022-02-19 05-33-17,0
2022-02-19 05-40-37,0
2022-02-19 05-43-17,0
2022-02-19 05-52-38,0
2022-02-19 05-57-18,0
2022-02-19 06-02-58,0
2022-02-19 06-08-58,1
2022-02-19 06-13-38,0
2022-02-19 06-18-19,0
2022-02-19 06-23-39,1
2022-02-19 06-28-39,0
2022-02-19 06-35-19,1
2022-02-19 06-38-59,0
2022-02-19 06-45-20,2
2022-02-19 06-49-40,3
2022-02-19 06-54-00,2
2022-02-19 06-59-20,3
2022-02-19 07-05-20,2
2022-02-19 07-09-40,3
2022-02-19 07-15-21,2
2022-02-19 07-20-01,3
2022-02-19 07-25-21,2
2022-02-19 07-29-41,6
2022-02-19 07-35-21,2
2022-02-19 07-40-42,4
2022-02-19 07-44-42,8
2022-02-19 07-49-22,6
2022-02-19 07-56-02,2
2022-02-19 07-59-22,8
2022-02-19 08-10-43,5
2022-02-19 08-13-23,6
2022-02-19 08-19-03,6
2022-02-19 08-23-03,5
2022-02-19 08-30-03,11
2022-02-19 08-35-24,6
2022-02-19 08-39-44,7
2022-02-19 08-45-24,5
2022-02-19 08-50-24,9
2022-02-19 08-59-44,8
2022-02-19 09-05-44,7
2022-02-19 09-09-45,8
2022-02-19 09-14-05,7
2022-02-19 09-22-25,7
2022-02-19 09-24-05,13
2022-02-19 09-36-06,10
2022-02-19 09-41-06,7
2022-02-19 09-46-26,9
2022-02-19 09-53-26,8
2022-02-19 09-54-06,9
2022-02-19 09-59-46,4
2022-02-19 10-12-27,9
2022-02-19 10-24-27,12
2022-02-19 10-26-07,5
2022-02-19 10-30-27,11
2022-02-19 10-40-48,9
2022-02-19 10-44-48,9
2022-02-19 10-51-08,8
2022-02-19 10-56-08,13
2022-02-19 11-00-28,11
2022-02-19 11-05-48,7
2022-02-19 11-11-09,7
2022-02-19 11-15-29,8
2022-02-19 11-21-09,12
2022-02-19 11-24-29,8
2022-02-19 11-35-29,14
2022-02-19 11-40-09,5
2022-02-19 11-44-30,9
2022-02-19 11-50-10,7
2022-02-19 11-58-10,12
2022-02-19 12-01-10,9
2022-02-19 12-06-10,14
2022-02-19 12-12-11,12
2022-02-19 12-14-11,10
2022-02-19 12-20-31,7
2022-02-19 12-26-11,17
2022-02-19 12-30-51,14
2022-02-19 12-35-51,13
2022-02-19 12-41-12,11
2022-02-19 12-52-12,5
2022-02-19 12-55-12,15
2022-02-19 12-59-52,8
2022-02-19 13-06-53,6
2022-02-19 13-10-53,12
2022-02-19 13-14-33,15
2022-02-19 13-22-33,17
2022-02-19 13-27-33,10
2022-02-19 13-29-53,14
2022-02-19 13-35-54,12
2022-02-19 13-39-34,3
2022-02-19 13-47-14,8
2022-02-19 13-51-14,4
2022-02-19 13-56-14,4
2022-02-19 14-01-34,7
2022-02-19 14-06-14,9
2022-02-19 14-12-55,7
2022-02-19 14-19-35,6
2022-02-19 14-25-15,11
2022-02-19 14-31-55,11
2022-02-19 14-39-36,14
2022-02-19 14-45-16,13
2022-02-19 14-50-56,9
2022-02-19 14-55-36,12
2022-02-19 14-59-36,12
2022-02-19 15-05-17,10
2022-02-19 15-12-17,7
2022-02-19 15-17-17,12
2022-02-19 15-26-17,11
2022-02-19 15-29-17,6
2022-02-19 15-36-18,8
2022-02-19 15-38-58,6
2022-02-19 15-46-18,9
2022-02-19 15-53-18,5
2022-02-19 15-57-18,0
2022-02-19 16-00-38,8
2022-02-19 16-06-39,14
2022-02-19 16-17-59,8
2022-02-19 16-21-39,7
2022-02-19 16-27-19,4
2022-02-19 16-30-19,7
2022-02-19 16-37-00,5
2022-02-19 16-41-20,3
2022-02-19 16-45-00,7
2022-02-19 16-49-20,8
2022-02-19 16-59-00,3
2022-02-19 17-03-20,6
2022-02-19 17-09-01,5
2022-02-19 17-12-01,7
2022-02-19 17-15-41,10
2022-02-19 17-22-41,7
2022-02-19 17-27-41,7
2022-02-19 17-32-01,5
2022-02-19 17-35-21,2
2022-02-19 17-40-42,12
2022-02-19 17-46-22,9
2022-02-19 17-50-42,6
2022-02-19 17-56-42,9
2022-02-19 18-00-02,9
2022-02-19 18-06-42,5
2022-02-19 18-10-43,8
2022-02-19 18-15-23,13
2022-02-19 18-20-43,12
2022-02-19 18-25-23,9
2022-02-19 18-29-23,15
2022-02-19 18-34-43,9
2022-02-19 18-41-04,4
2022-02-19 18-45-24,10
2022-02-19 18-49-44,11
2022-02-19 18-54-04,13
2022-02-19 19-00-04,11
2022-02-19 19-05-25,8
2022-02-19 19-10-45,10
2022-02-19 19-14-05,7
2022-02-19 19-20-25,9
2022-02-19 19-29-45,7
2022-02-19 19-34-26,9
2022-02-19 19-39-46,8
2022-02-19 19-43-46,7
2022-02-19 19-49-26,3
2022-02-19 19-53-46,3
2022-02-19 19-59-27,3
2022-02-19 20-05-47,4
2022-02-19 20-10-27,5
2022-02-19 20-14-27,2
2022-02-19 20-20-07,3
2022-02-19 20-24-28,2
2022-02-19 20-29-28,2
2022-02-19 20-33-48,3
2022-02-19 20-39-28,4
2022-02-19 20-43-48,5
2022-02-19 20-49-48,5
2022-02-19 20-53-49,0
2022-02-19 20-59-29,2
2022-02-19 21-04-29,3
2022-02-19 21-08-49,2
2022-02-19 21-13-09,2
2022-02-19 21-18-09,2
2022-02-19 21-23-50,4
2022-02-19 21-28-30,1
2022-02-19 21-35-10,2
2022-02-19 21-38-50,0
2022-02-19 21-46-11,2
2022-02-19 21-47-31,3
2022-02-19 21-58-11,0
2022-02-19 22-07-31,1
2022-02-19 22-13-12,3
2022-02-19 22-18-52,3
2022-02-19 22-24-12,4
2022-02-19 22-29-32,1
2022-02-19 22-33-52,2
2022-02-19 22-38-13,2
2022-02-19 22-43-53,4
2022-02-19 22-49-13,2
2022-02-19 22-53-53,5
2022-02-19 23-00-13,0
2022-02-19 23-04-34,1
2022-02-19 23-10-54,5
2022-02-19 23-13-34,0
2022-02-19 23-18-54,0
2022-02-19 23-25-14,1
2022-02-19 23-28-55,7
2022-02-19 23-35-15,0
2022-02-19 23-39-15,2
2022-02-19 23-45-15,1
2022-02-19 23-50-15,1
2022-02-19 23-53-55,1
2022-02-19 23-58-56,2
2022-02-20 00-05-16,2
2022-02-20 00-09-16,2
2022-02-20 00-13-56,3
2022-02-20 00-18-16,0
2022-02-20 00-22-57,1
2022-02-20 00-28-17,2
2022-02-20 00-35-17,2
2022-02-20 00-38-17,1
2022-02-20 00-43-57,0
2022-02-20 00-49-58,2
2022-02-20 00-53-58,0
2022-02-20 00-59-18,1
2022-02-20 01-04-58,1
2022-02-20 01-09-18,0
2022-02-20 01-13-18,2
2022-02-20 01-19-19,0
2022-02-20 01-23-59,1
2022-02-20 01-29-59,0
2022-02-20 01-35-19,0
2022-02-20 01-38-40,0
2022-02-20 01-44-20,0
2022-02-20 01-50-00,0
2022-02-20 01-56-00,2
2022-02-20 01-59-20,1
2022-02-20 02-05-21,0
2022-02-20 02-14-01,0
2022-02-20 02-18-21,0
2022-02-20 02-28-42,0
2022-02-20 02-33-02,0
2022-02-20 02-38-42,1
2022-02-20 02-44-22,0
2022-02-20 02-48-42,1
2022-02-20 02-53-43,0
2022-02-20 02-59-23,0
2022-02-20 03-03-43,0
2022-02-20 03-08-43,0
2022-02-20 03-14-44,0
2022-02-20 03-19-44,0
2022-02-20 03-26-04,0
2022-02-20 03-29-24,0
2022-02-20 03-34-24,2
2022-02-20 03-39-24,0
2022-02-20 03-44-24,0
2022-02-20 03-50-05,0
2022-02-20 03-53-45,0
2022-02-20 03-58-45,0
2022-02-20 04-04-05,0
2022-02-20 04-09-06,0
2022-02-20 04-13-46,2
2022-02-20 04-19-46,0
2022-02-20 04-25-46,0
2022-02-20 04-28-06,1
2022-02-20 04-34-27,1
2022-02-20 04-38-47,0
2022-02-20 04-44-27,0
2022-02-20 04-48-47,0
2022-02-20 04-54-07,0
2022-02-20 04-57-28,0
2022-02-20 05-05-28,0
2022-02-20 05-08-48,0
2022-02-20 05-14-28,0
2022-02-20 05-19-48,0
2022-02-20 05-24-08,1
2022-02-20 05-29-29,1
2022-02-20 05-39-29,1
2022-02-20 05-43-29,2
2022-02-20 05-49-29,1
2022-02-20 05-53-30,2
2022-02-20 05-58-50,1
2022-02-20 06-03-10,2
2022-02-20 06-09-10,0
2022-02-20 06-13-50,0
2022-02-20 06-18-30,0
2022-02-20 06-23-11,1
2022-02-20 06-28-51,2
2022-02-20 06-34-31,4
2022-02-20 06-39-11,2
2022-02-20 06-44-52,1
2022-02-20 06-50-12,2
2022-02-20 06-54-32,0
2022-02-20 06-58-52,2
2022-02-20 07-06-12,2
2022-02-20 07-09-13,2
2022-02-20 07-20-13,2
2022-02-20 07-24-33,0
2022-02-20 07-27-33,5
2022-02-20 07-35-14,0
2022-02-20 07-41-14,2
2022-02-20 07-44-34,2
2022-02-20 07-50-54,5
2022-02-20 07-56-14,1
2022-02-20 07-59-54,0
2022-02-20 08-06-55,5
2022-02-20 08-10-35,2
2022-02-20 08-17-55,4
2022-02-20 08-21-15,3
2022-02-20 08-24-35,7
2022-02-20 08-30-15,6
2022-02-20 08-36-16,8
2022-02-20 08-39-56,3
2022-02-20 08-49-36,11
2022-02-20 08-53-56,10
2022-02-20 09-03-17,3
2022-02-20 09-05-37,1
2022-02-20 09-12-17,3
2022-02-20 09-15-37,2
2022-02-20 09-20-57,6
2022-02-20 09-25-37,4
2022-02-20 09-31-17,6
2022-02-20 09-36-18,2
2022-02-20 09-41-18,4
2022-02-20 09-44-38,10
2022-02-20 09-51-38,10
2022-02-20 10-01-38,7
2022-02-20 10-05-19,7
2022-02-20 10-11-19,1
2022-02-20 10-15-19,6
2022-02-20 10-22-39,6
2022-02-20 10-25-39,8
2022-02-20 10-30-19,7
2022-02-20 10-36-20,5
2022-02-20 10-44-00,7
2022-02-20 10-46-20,10
2022-02-20 10-52-40,12
2022-02-20 11-00-40,10
2022-02-20 11-06-21,7
2022-02-20 11-11-41,11
2022-02-20 11-21-21,10
2022-02-20 11-30-02,11
2022-02-20 11-32-22,10
2022-02-20 11-35-42,6
2022-02-20 11-39-22,6
2022-02-20 11-46-22,8
2022-02-20 11-51-42,6
2022-02-20 11-57-22,8
2022-02-20 11-59-42,4
2022-02-20 12-06-43,10
2022-02-20 12-15-43,5
2022-02-20 12-20-43,11
2022-02-20 12-30-23,10
2022-02-20 12-41-44,8
2022-02-20 12-47-04,10
2022-02-20 12-52-04,11
2022-02-20 12-57-04,6
2022-02-20 13-01-04,10
2022-02-20 13-05-24,11
2022-02-20 13-12-45,1
2022-02-20 13-17-45,7
2022-02-20 13-20-25,7
2022-02-20 13-26-45,8
2022-02-20 13-30-05,5
2022-02-20 13-38-05,7
2022-02-20 13-40-45,12
2022-02-20 13-45-46,7
2022-02-20 13-50-46,8
2022-02-20 13-54-26,10
2022-02-20 14-00-06,13
2022-02-20 14-06-26,10
2022-02-20 14-11-07,6
2022-02-20 14-15-07,8
2022-02-20 14-21-47,7
2022-02-20 14-25-07,5
2022-02-20 14-30-07,6
2022-02-20 14-35-07,7
2022-02-20 14-41-07,8
2022-02-20 14-45-07,2
2022-02-20 14-51-48,7
2022-02-20 14-56-08,8
2022-02-20 14-59-28,5
2022-02-20 15-05-48,5
2022-02-20 15-11-48,5
2022-02-20 15-15-08,3
2022-02-20 15-20-49,2
2022-02-20 15-29-29,6
2022-02-20 15-34-29,5
2022-02-20 15-41-49,8
2022-02-20 15-44-30,4
2022-02-20 15-51-30,5
2022-02-20 15-55-50,1
2022-02-20 16-00-10,5
2022-02-20 16-07-30,2
2022-02-20 16-12-10,7
2022-02-20 16-14-10,7
2022-02-20 16-19-11,5
2022-02-20 16-24-11,9
2022-02-20 16-28-11,1
2022-02-20 16-38-11,3
2022-02-20 16-44-12,0
2022-02-20 16-50-12,3
2022-02-20 16-54-12,3
2022-02-20 16-58-52,2
2022-02-20 17-03-52,6
2022-02-20 17-09-53,2
2022-02-20 17-21-13,9
2022-02-20 17-26-13,6
2022-02-20 17-29-13,11
2022-02-20 17-35-33,4
2022-02-20 17-39-54,4
2022-02-20 17-44-34,7
2022-02-20 17-50-14,7
2022-02-20 18-00-54,7
2022-02-20 18-06-14,9
2022-02-20 18-09-35,8
2022-02-20 18-16-15,5
2022-02-20 18-20-35,8
2022-02-20 18-29-55,9
2022-02-20 18-36-16,9
2022-02-20 18-40-56,13
2022-02-20 18-45-36,6
2022-02-20 18-50-16,7
2022-02-20 18-54-56,8
2022-02-20 19-01-56,6
2022-02-20 19-06-57,4
2022-02-20 19-14-17,8
2022-02-20 19-20-37,1
2022-02-20 19-25-37,10
2022-02-20 19-28-57,4
2022-02-20 19-35-18,9
2022-02-20 19-39-18,0
2022-02-20 19-48-18,3
2022-02-20 19-54-38,3
2022-02-20 19-59-59,7
2022-02-20 20-06-19,2
2022-02-20 20-10-19,1
2022-02-20 20-15-19,1
2022-02-20 20-19-59,2
2022-02-20 20-24-19,6
2022-02-20 20-29-20,3
2022-02-20 20-39-00,0
2022-02-20 20-44-20,3
2022-02-20 20-50-20,4
2022-02-20 20-55-00,2
2022-02-20 21-00-01,3
2022-02-20 21-05-01,4
2022-02-20 21-09-01,2
2022-02-20 21-14-41,3
2022-02-20 21-20-01,0
2022-02-20 21-24-42,2
2022-02-20 21-28-42,2
2022-02-20 21-34-42,5
2022-02-20 21-39-22,5
2022-02-20 21-49-43,3
2022-02-20 21-55-23,0
2022-02-20 21-59-23,1
2022-02-20 22-04-23,2
2022-02-20 22-11-43,0
2022-02-20 22-19-24,3
2022-02-20 22-24-44,3
2022-02-20 22-29-24,0
2022-02-20 22-37-24,3
2022-02-20 22-40-04,2
2022-02-20 22-44-25,4
2022-02-20 22-50-05,1
2022-02-20 22-54-45,0
2022-02-20 22-59-25,1
2022-02-20 23-05-45,2
2022-02-20 23-09-06,1
2022-02-20 23-15-26,3
2022-02-20 23-20-06,1
2022-02-20 23-28-46,1
2022-02-20 23-39-27,0
2022-02-20 23-48-07,2
2022-02-20 23-54-07,3
2022-02-20 23-56-47,0
2022-02-21 00-05-28,2
2022-02-21 00-11-08,0
2022-02-21 00-18-08,0
2022-02-21 00-23-08,0
2022-02-21 00-28-09,1
2022-02-21 00-32-29,1
2022-02-21 00-38-49,0
2022-02-21 00-43-49,0
2022-02-21 00-50-09,1
2022-02-21 00-54-30,1
2022-02-21 00-59-50,0
2022-02-21 01-03-10,0
2022-02-21 01-08-50,0
2022-02-21 01-15-30,0
2022-02-21 01-18-10,0
2022-02-21 01-24-11,0
2022-02-21 01-29-31,0
2022-02-21 01-35-51,0
2022-02-21 01-39-31,0
2022-02-21 01-44-31,0
2022-02-21 01-48-32,0
2022-02-21 01-57-32,0
2022-02-21 02-07-52,0
2022-02-21 02-13-12,0
2022-02-21 02-19-53,0
2022-02-21 02-24-13,0
2022-02-21 02-28-53,0
2022-02-21 02-33-33,0
2022-02-21 02-39-14,0
2022-02-21 02-45-14,0
2022-02-21 02-50-14,0
2022-02-21 02-53-54,0
2022-02-21 02-59-14,0
2022-02-21 03-06-14,0
2022-02-21 03-09-35,0
2022-02-21 03-13-55,1
2022-02-21 03-19-55,1
2022-02-21 03-24-35,1
2022-02-21 03-30-35,1
2022-02-21 03-33-56,0
2022-02-21 03-40-36,0
2022-02-21 03-43-56,1
2022-02-21 03-50-16,0
2022-02-21 03-56-16,0
2022-02-21 03-58-56,0
2022-02-21 04-04-57,0
2022-02-21 04-09-17,1
2022-02-21 04-13-37,0
2022-02-21 04-19-17,0
2022-02-21 04-22-57,0
2022-02-21 04-29-18,0
2022-02-21 04-33-38,0
2022-02-21 04-39-18,0
2022-02-21 04-43-18,0
2022-02-21 04-49-38,0
2022-02-21 04-54-59,0
2022-02-21 04-58-19,0
2022-02-21 05-02-59,0
2022-02-21 05-08-39,0
2022-02-21 05-14-19,0
2022-02-21 05-18-40,0
2022-02-21 05-23-20,0
2022-02-21 05-29-20,0
2022-02-21 05-39-00,0
2022-02-21 05-52-01,0
2022-02-21 05-59-01,1
2022-02-21 06-05-21,0
2022-02-21 06-08-21,0
2022-02-21 06-14-41,1
2022-02-21 06-18-22,0
2022-02-21 06-24-02,0
2022-02-21 06-30-02,0
2022-02-21 06-39-02,2
2022-02-21 06-44-03,1
2022-02-21 06-51-23,0
2022-02-21 06-53-23,3
2022-02-21 06-58-23,7
2022-02-21 07-03-43,3
2022-02-21 07-09-43,10
2022-02-21 07-15-24,5
2022-02-21 07-20-04,12
2022-02-21 07-25-44,10
2022-02-21 07-30-04,11
2022-02-21 07-36-04,14
2022-02-21 07-41-45,12
2022-02-21 07-46-45,19
2022-02-21 07-50-25,16
2022-02-21 07-56-05,19
2022-02-21 08-02-25,16
2022-02-21 08-06-46,9
2022-02-21 08-09-26,13
2022-02-21 08-22-26,10
2022-02-21 08-25-46,15
2022-02-21 08-38-07,10
2022-02-21 08-41-07,16
2022-02-21 08-45-27,12
2022-02-21 08-50-07,15
2022-02-21 08-56-47,12
2022-02-21 08-59-47,5
2022-02-21 09-06-48,12
2022-02-21 09-17-48,15
2022-02-21 09-21-48,16
2022-02-21 09-31-48,3
2022-02-21 09-42-29,10
2022-02-21 09-47-29,12
2022-02-21 09-52-49,10
2022-02-21 10-02-29,5
2022-02-21 10-06-49,2
2022-02-21 10-17-10,7
2022-02-21 10-22-50,7
2022-02-21 10-26-50,8
2022-02-21 10-30-30,6
2022-02-21 10-37-50,8
2022-02-21 10-41-10,8
2022-02-21 10-45-51,6
2022-02-21 10-51-51,8
2022-02-21 10-59-51,12
2022-02-21 11-06-11,3
2022-02-21 11-11-52,5
2022-02-21 11-16-52,10
2022-02-21 11-21-12,3
2022-02-21 11-24-32,8
2022-02-21 11-29-52,8
2022-02-21 11-39-52,5
2022-02-21 11-43-12,5
2022-02-21 11-49-53,12
2022-02-21 11-56-13,6
2022-02-21 12-03-13,5
2022-02-21 12-07-33,5
2022-02-21 12-11-13,6
2022-02-21 12-17-33,8
2022-02-21 12-20-34,4
2022-02-21 12-27-34,9
2022-02-21 12-30-14,7
2022-02-21 12-35-34,5
2022-02-21 12-41-54,5
2022-02-21 12-52-55,6
2022-02-21 12-56-35,5
2022-02-21 13-01-15,8
2022-02-21 13-08-35,9
2022-02-21 13-15-35,4
2022-02-21 13-22-36,8
2022-02-21 13-33-36,7
2022-02-21 13-38-16,8
2022-02-21 13-39-16,6
2022-02-21 13-45-16,6
2022-02-21 13-52-17,6
2022-02-21 13-56-57,3
2022-02-21 14-01-17,3
2022-02-21 14-06-17,10
2022-02-21 14-11-37,11
2022-02-21 14-18-17,12
2022-02-21 14-21-17,6
2022-02-21 14-32-38,11
2022-02-21 14-42-18,1
2022-02-21 14-47-58,6
2022-02-21 14-51-18,3
2022-02-21 14-57-59,5
2022-02-21 14-59-59,9
2022-02-21 15-04-59,10
2022-02-21 15-12-19,4
2022-02-21 15-15-39,4
2022-02-21 15-21-19,4
2022-02-21 15-26-40,10
2022-02-21 15-31-00,5
2022-02-21 15-40-40,3
2022-02-21 15-45-40,10
2022-02-21 15-51-20,8
2022-02-21 15-57-40,5
2022-02-21 16-00-21,8
2022-02-21 16-05-21,10
2022-02-21 16-11-41,10
2022-02-21 16-16-21,3
2022-02-21 16-21-01,5
2022-02-21 16-27-01,1
2022-02-21 16-32-22,9
2022-02-21 16-36-02,7
2022-02-21 16-38-42,11
2022-02-21 16-45-02,5
2022-02-21 16-50-22,7
2022-02-21 17-00-42,12
2022-02-21 17-11-43,3
2022-02-21 17-15-23,6
2022-02-21 17-21-03,5
2022-02-21 17-29-04,7
2022-02-21 17-30-04,4
2022-02-21 17-39-24,10
2022-02-21 17-45-04,15
2022-02-21 17-53-05,12
2022-02-21 17-55-45,5
2022-02-21 18-03-25,9
2022-02-21 18-09-05,9
2022-02-21 18-14-45,8
2022-02-21 18-21-05,13
2022-02-21 18-30-06,10
2022-02-21 18-42-26,11
2022-02-21 18-44-46,11
2022-02-21 18-50-27,9
2022-02-21 18-54-47,8
2022-02-21 19-00-07,13
2022-02-21 19-06-47,10
2022-02-21 19-10-07,16
2022-02-21 19-15-47,10
2022-02-21 19-20-07,14
2022-02-21 19-25-28,10
2022-02-21 19-29-08,5
2022-02-21 19-35-08,7
2022-02-21 19-38-48,10
2022-02-21 19-44-28,3
2022-02-21 19-49-28,5
2022-02-21 19-54-49,5
2022-02-21 19-58-49,2
2022-02-21 20-05-49,3
2022-02-21 20-09-29,1
2022-02-21 20-14-29,1
2022-02-21 20-19-30,0
2022-02-21 20-24-30,2
2022-02-21 20-30-30,0
2022-02-21 20-35-10,2
2022-02-21 20-40-30,0
2022-02-21 20-44-31,1
2022-02-21 20-49-11,3
2022-02-21 20-54-31,3
2022-02-21 20-59-31,1
2022-02-21 21-05-51,1
2022-02-21 21-08-31,1
2022-02-21 21-13-52,0
2022-02-21 21-18-12,0
2022-02-21 21-23-52,1
2022-02-21 21-28-12,1
2022-02-21 21-35-12,0
2022-02-21 21-39-32,1
2022-02-21 21-44-53,1
2022-02-21 21-48-13,1
2022-02-21 21-55-13,2
2022-02-21 22-00-13,2
2022-02-21 22-04-13,1
2022-02-21 22-09-54,0
2022-02-21 22-14-54,1
2022-02-21 22-19-14,0
2022-02-21 22-26-14,3
2022-02-21 22-28-34,1
2022-02-21 22-34-55,0
2022-02-21 22-39-15,2
2022-02-21 22-44-35,1
2022-02-21 22-49-35,2
2022-02-21 22-58-35,0
2022-02-21 23-07-16,0
2022-02-21 23-09-56,0
2022-02-21 23-14-56,1
2022-02-21 23-19-56,1
2022-02-21 23-23-56,1
2022-02-21 23-29-37,0
2022-02-21 23-36-57,2
2022-02-21 23-41-17,2
2022-02-21 23-43-57,0
2022-02-21 23-48-37,0
2022-02-21 23-55-38,1
2022-02-21 23-58-18,1
2022-02-22 00-04-38,1
2022-02-22 00-08-58,0
2022-02-22 00-17-39,1
2022-02-22 00-23-19,1
2022-02-22 00-29-39,1
2022-02-22 00-32-59,1
2022-02-22 00-39-19,1
2022-02-22 00-44-40,0
2022-02-22 00-48-20,0
2022-02-22 00-56-20,1
2022-02-22 00-59-20,1
2022-02-22 01-04-40,0
2022-02-22 01-09-21,0
2022-02-22 01-14-01,0
2022-02-22 01-18-01,0
2022-02-22 01-24-41,0
2022-02-22 01-29-21,0
2022-02-22 01-34-42,0
2022-02-22 01-39-22,0
2022-02-22 01-44-02,0
2022-02-22 01-50-42,0
2022-02-22 01-54-02,0
2022-02-22 01-57-23,0
2022-02-22 02-02-43,0
2022-02-22 02-08-03,0
2022-02-22 02-13-03,0
2022-02-22 02-18-03,0
2022-02-22 02-23-04,0
2022-02-22 02-29-24,0
2022-02-22 02-36-04,1
2022-02-22 02-39-24,0
2022-02-22 02-49-45,0
2022-02-22 02-53-45,0
2022-02-22 02-58-05,1
2022-02-22 03-05-25,0
2022-02-22 03-10-45,0
2022-02-22 03-14-45,1
2022-02-22 03-20-46,0
2022-02-22 03-25-46,0
2022-02-22 03-30-06,0
2022-02-22 03-34-26,1
2022-02-22 03-38-26,1
2022-02-22 03-43-07,1
2022-02-22 03-49-47,1
2022-02-22 03-58-47,0
2022-02-22 04-03-07,0
2022-02-22 04-09-07,1
2022-02-22 04-13-48,1
2022-02-22 04-18-08,0
2022-02-22 04-23-08,1
2022-02-22 04-29-28,1
2022-02-22 04-33-48,0
2022-02-22 04-38-28,1
2022-02-22 04-42-29,1
2022-02-22 04-49-29,1
2022-02-22 04-53-49,0
2022-02-22 04-59-29,0
2022-02-22 05-03-49,0
2022-02-22 05-09-30,0
2022-02-22 05-13-50,0
2022-02-22 05-18-30,0
2022-02-22 05-23-30,1
2022-02-22 05-28-10,0
2022-02-22 05-34-31,0
2022-02-22 05-39-11,0
2022-02-22 05-49-11,2
2022-02-22 05-53-11,0
2022-02-22 05-58-32,1
2022-02-22 06-05-12,0
2022-02-22 06-09-32,2
2022-02-22 06-13-52,2
2022-02-22 06-19-12,5
2022-02-22 06-25-53,2
2022-02-22 06-28-33,0
2022-02-22 06-40-13,5
2022-02-22 06-44-33,6
2022-02-22 06-49-53,5
2022-02-22 06-53-54,10
2022-02-22 06-59-34,5
2022-02-22 07-04-34,8
2022-02-22 07-13-54,10
2022-02-22 07-20-35,10
2022-02-22 07-24-15,10
2022-02-22 07-31-55,11
2022-02-22 07-38-55,12
2022-02-22 07-41-55,14
2022-02-22 07-45-16,11
2022-02-22 07-50-36,15
2022-02-22 07-56-16,14
2022-02-22 07-59-56,19
2022-02-22 08-09-36,11
2022-02-22 08-11-57,18
2022-02-22 08-20-17,15
2022-02-22 08-25-57,19
2022-02-22 08-29-17,17
2022-02-22 08-42-38,21
2022-02-22 08-46-58,14
2022-02-22 08-50-18,12
2022-02-22 09-01-18,25
2022-02-22 09-08-59,21
2022-02-22 09-10-39,21
2022-02-22 09-14-39,16
2022-02-22 09-25-39,12
2022-02-22 09-31-39,16
2022-02-22 09-35-39,18
2022-02-22 09-42-40,14
2022-02-22 09-51-00,13
2022-02-22 09-55-20,10
2022-02-22 10-00-20,4
2022-02-22 10-07-20,6
2022-02-22 10-09-41,13
2022-02-22 10-17-21,6
2022-02-22 10-19-21,5
2022-02-22 10-27-21,5
2022-02-22 10-29-41,3
2022-02-22 10-41-21,8
2022-02-22 10-47-22,10
2022-02-22 10-53-42,9
2022-02-22 10-59-42,10
2022-02-22 11-09-03,2
2022-02-22 11-11-43,10
2022-02-22 11-20-43,8
2022-02-22 11-30-03,6
2022-02-22 11-38-44,4
2022-02-22 11-41-04,7
2022-02-22 11-50-44,7
2022-02-22 11-56-44,7
2022-02-22 12-00-04,9
2022-02-22 12-08-04,7
2022-02-22 12-12-24,5
2022-02-22 12-16-05,4
2022-02-22 12-23-05,3
2022-02-22 12-30-05,5
2022-02-22 12-40-45,11
2022-02-22 12-44-46,8
2022-02-22 12-50-46,14
2022-02-22 12-56-06,7
2022-02-22 13-00-06,3
2022-02-22 13-05-46,11
2022-02-22 13-10-27,3
2022-02-22 13-21-07,6
2022-02-22 13-23-47,8
2022-02-22 13-36-47,7
2022-02-22 13-40-07,8
2022-02-22 13-45-07,4
2022-02-22 13-50-48,8
2022-02-22 13-56-48,5
2022-02-22 14-01-08,7
2022-02-22 14-08-48,9
2022-02-22 14-11-08,10
2022-02-22 14-23-09,6
2022-02-22 14-26-49,7
2022-02-22 14-31-09,2
2022-02-22 14-36-49,5
2022-02-22 14-41-09,7
2022-02-22 14-45-09,8
2022-02-22 14-50-50,5
2022-02-22 14-57-10,6
2022-02-22 15-01-50,7
2022-02-22 15-04-30,5
2022-02-22 15-14-50,5
2022-02-22 15-21-11,6
2022-02-22 15-24-11,3
2022-02-22 15-31-31,5
2022-02-22 15-35-51,5
2022-02-22 15-43-31,7
2022-02-22 15-46-31,2
2022-02-22 15-50-31,1
2022-02-22 15-56-12,2
2022-02-22 16-02-12,8
2022-02-22 16-06-12,5
2022-02-22 16-12-12,5
2022-02-22 16-17-12,0
2022-02-22 16-19-52,2
2022-02-22 16-27-13,6
2022-02-22 16-31-33,2
2022-02-22 16-42-13,1
2022-02-22 16-52-53,0
2022-02-22 17-02-34,0
2022-02-22 17-11-54,3
2022-02-22 17-15-14,5
2022-02-22 17-22-14,9
2022-02-22 17-26-14,3
2022-02-22 17-35-15,8
2022-02-22 17-39-55,10
2022-02-22 17-46-55,8
2022-02-22 17-51-15,5
2022-02-22 17-57-55,6
2022-02-22 18-00-56,1
2022-02-22 18-09-36,5
2022-02-22 18-15-36,10
2022-02-22 18-20-36,1
2022-02-22 18-24-36,12
2022-02-22 18-30-16,10
2022-02-22 18-35-37,6
2022-02-22 18-40-17,11
2022-02-22 18-50-17,15
2022-02-22 18-55-57,11
2022-02-22 19-00-18,10
2022-02-22 19-04-38,7
2022-02-22 19-10-38,10
2022-02-22 19-14-58,10
2022-02-22 19-21-18,10
2022-02-22 19-25-38,9
2022-02-22 19-29-58,9
2022-02-22 19-34-39,9
2022-02-22 19-41-19,7
2022-02-22 19-44-19,0
2022-02-22 19-49-39,3
2022-02-22 19-53-59,6
2022-02-22 19-59-20,4
2022-02-22 20-10-20,7
2022-02-22 20-14-00,4
2022-02-22 20-20-21,2
2022-02-22 20-24-01,2
2022-02-22 20-28-21,3
2022-02-22 20-33-01,3
2022-02-22 20-39-41,3
2022-02-22 20-50-01,2
2022-02-22 20-54-22,0
2022-02-22 21-00-02,3
2022-02-22 21-09-22,4
2022-02-22 21-13-43,1
2022-02-22 21-18-43,2
2022-02-22 21-24-03,2
2022-02-22 21-29-03,1
2022-02-22 21-35-03,1
2022-02-22 21-39-43,3
2022-02-22 21-44-24,3
2022-02-22 21-49-24,4
2022-02-22 21-53-04,2
2022-02-22 21-57-24,2
2022-02-22 22-07-25,4
2022-02-22 22-10-45,1
2022-02-22 22-20-05,1
2022-02-22 22-23-05,3
2022-02-22 22-29-25,3
2022-02-22 22-34-25,2
2022-02-22 22-39-06,2
2022-02-22 22-44-46,2
2022-02-22 22-48-26,3
2022-02-22 22-54-06,2
2022-02-22 22-59-27,1
2022-02-22 23-09-47,0
2022-02-22 23-14-27,0
2022-02-22 23-19-07,5
2022-02-22 23-23-27,0
2022-02-22 23-29-08,2
2022-02-22 23-39-08,2
2022-02-22 23-43-08,3
2022-02-22 23-47-48,1
2022-02-22 23-53-09,1
2022-02-22 23-58-29,1
2022-02-23 00-05-29,0
2022-02-23 00-09-49,0
2022-02-23 00-13-29,1
2022-02-23 00-18-50,1
2022-02-23 00-22-50,1
2022-02-23 00-29-10,2
2022-02-23 00-33-30,0
2022-02-23 00-40-10,0
2022-02-23 00-44-31,0
2022-02-23 00-50-51,0
2022-02-23 00-53-31,2
2022-02-23 01-00-11,0
2022-02-23 01-05-51,0
2022-02-23 01-09-11,1
2022-02-23 01-14-32,0
2022-02-23 01-20-12,1
2022-02-23 01-29-32,1
2022-02-23 01-32-53,0
2022-02-23 01-39-13,0
2022-02-23 01-43-53,1
2022-02-23 01-48-33,0
2022-02-23 01-53-53,1
2022-02-23 01-58-53,0
2022-02-23 02-09-14,1
2022-02-23 02-14-14,0
2022-02-23 02-19-14,0
2022-02-23 02-23-54,1
2022-02-23 02-29-15,2
2022-02-23 02-34-35,0
2022-02-23 02-39-15,0
2022-02-23 02-44-55,0
2022-02-23 02-49-35,0
2022-02-23 02-59-36,1
2022-02-23 03-05-16,0
2022-02-23 03-11-16,0
2022-02-23 03-14-36,2
2022-02-23 03-20-36,1
2022-02-23 03-25-37,1
2022-02-23 03-30-17,1
2022-02-23 03-37-57,0
2022-02-23 03-41-17,0
2022-02-23 03-44-37,1
2022-02-23 03-50-58,0
2022-02-23 03-53-18,0
2022-02-23 03-59-58,0
2022-02-23 04-02-58,0
2022-02-23 04-07-18,0
2022-02-23 04-13-18,0
2022-02-23 04-17-38,0
2022-02-23 04-22-59,0
2022-02-23 04-28-39,0
2022-02-23 04-34-39,0
2022-02-23 04-40-19,0
2022-02-23 04-43-19,0
2022-02-23 04-48-00,0
2022-02-23 04-54-40,1
2022-02-23 04-58-40,0
2022-02-23 05-06-00,0
2022-02-23 05-10-41,1
2022-02-23 05-13-41,0
2022-02-23 05-18-01,1
2022-02-23 05-25-41,0
2022-02-23 05-35-22,1
2022-02-23 05-38-22,0
2022-02-23 05-44-02,0
2022-02-23 05-48-02,5
2022-02-23 05-57-22,1
2022-02-23 06-04-43,0
2022-02-23 06-09-23,3
2022-02-23 06-13-23,0
2022-02-23 06-20-03,2
2022-02-23 06-25-03,2
2022-02-23 06-28-43,1
2022-02-23 06-33-24,2
2022-02-23 06-39-04,1
2022-02-23 06-43-24,2
2022-02-23 06-50-24,4
2022-02-23 06-54-24,8
2022-02-23 06-59-25,8
2022-02-23 07-05-05,6
2022-02-23 07-09-45,7
2022-02-23 07-14-05,7
2022-02-23 07-20-05,12
2022-02-23 07-24-46,13
2022-02-23 07-29-26,14
2022-02-23 07-35-26,15
2022-02-23 07-39-46,11
2022-02-23 07-45-06,13
2022-02-23 07-51-47,11
2022-02-23 07-56-07,15
2022-02-23 08-00-07,18
2022-02-23 08-06-07,21
2022-02-23 08-11-07,16
2022-02-23 08-15-07,15
2022-02-23 08-25-28,16
2022-02-23 08-29-28,18
2022-02-23 08-38-08,15
2022-02-23 08-41-08,13
2022-02-23 08-50-09,8
2022-02-23 08-59-09,10
2022-02-23 09-13-09,19
2022-02-23 09-16-29,14
2022-02-23 09-28-50,9
2022-02-23 09-31-10,11
2022-02-23 09-43-50,11
2022-02-23 09-53-11,9
2022-02-23 09-56-11,9
2022-02-23 09-59-51,10
2022-02-23 10-10-51,9
2022-02-23 10-15-11,15
2022-02-23 10-19-32,12
2022-02-23 10-25-52,6
2022-02-23 10-29-52,6
2022-02-23 10-37-52,18
2022-02-23 10-41-52,11
2022-02-23 10-52-13,4
2022-02-23 10-57-33,7
2022-02-23 11-02-33,5
2022-02-23 11-06-13,4
2022-02-23 11-12-13,10
2022-02-23 11-15-33,7
2022-02-23 11-20-13,6
2022-02-23 11-31-14,7
2022-02-23 11-41-34,3
2022-02-23 11-44-54,9
2022-02-23 11-54-14,6
2022-02-23 12-02-15,10
2022-02-23 12-04-55,4
2022-02-23 12-09-15,10
2022-02-23 12-14-55,5
2022-02-23 12-22-55,4
2022-02-23 12-30-36,12
2022-02-23 12-35-16,4
2022-02-23 12-41-36,2
2022-02-23 12-48-36,2
2022-02-23 12-53-56,3
2022-02-23 12-59-17,7
2022-02-23 13-11-17,5
2022-02-23 13-16-37,2
2022-02-23 13-20-17,5
2022-02-23 13-24-17,7
2022-02-23 13-28-58,5
2022-02-23 13-35-38,3
2022-02-23 13-41-18,4
2022-02-23 13-44-58,6
2022-02-23 13-49-38,11
2022-02-23 13-58-39,1
2022-02-23 14-07-39,7
2022-02-23 14-08-19,11
2022-02-23 14-14-39,4
2022-02-23 14-21-39,7
2022-02-23 14-26-19,2
2022-02-23 14-30-40,5
2022-02-23 14-42-00,6
2022-02-23 14-45-00,8
2022-02-23 14-51-20,9
2022-02-23 14-58-40,7
2022-02-23 14-59-21,5
2022-02-23 15-08-21,10
2022-02-23 15-11-01,1
2022-02-23 15-15-21,0
2022-02-23 15-20-41,7
2022-02-23 15-30-41,1
2022-02-23 15-32-22,8
2022-02-23 15-42-02,11
2022-02-23 15-45-22,8
2022-02-23 15-51-02,7
2022-02-23 16-00-02,7
2022-02-23 16-08-03,4
2022-02-23 16-11-23,5
2022-02-23 16-14-23,4
2022-02-23 16-19-23,4
2022-02-23 16-24-23,4
2022-02-23 16-30-03,6
2022-02-23 16-39-04,8
2022-02-23 16-41-04,7
2022-02-23 16-47-24,1
2022-02-23 16-54-24,5
2022-02-23 16-56-04,11
2022-02-23 17-00-44,7
2022-02-23 17-10-05,7
2022-02-23 17-15-05,9
2022-02-23 17-19-45,5
2022-02-23 17-31-05,17
2022-02-23 17-37-26,13
2022-02-23 17-39-46,9
2022-02-23 17-46-06,15
2022-02-23 17-51-07,8
2022-02-23 17-54-06,9
2022-02-23 18-00-46,2
2022-02-23 18-06-07,12
2022-02-23 18-10-47,8
2022-02-23 18-21-07,9
2022-02-23 18-26-07,12
2022-02-23 18-29-27,10
2022-02-23 18-35-27,8
2022-02-23 18-40-48,9
2022-02-23 18-45-08,11
2022-02-23 18-50-08,11
2022-02-23 18-59-48,14
2022-02-23 19-04-28,9
2022-02-23 19-11-29,9
2022-02-23 19-19-09,9
2022-02-23 19-23-49,11
2022-02-23 19-29-09,13
2022-02-23 19-35-10,8
2022-02-23 19-38-50,4
2022-02-23 19-44-30,4
2022-02-23 19-48-10,4
2022-02-23 19-53-50,2
2022-02-23 19-59-50,3
2022-02-23 20-03-31,4
2022-02-23 20-09-31,2
2022-02-23 20-18-51,2
2022-02-23 20-22-51,0
2022-02-23 20-28-32,2
2022-02-23 20-35-12,4
2022-02-23 20-38-32,1
2022-02-23 20-43-12,0
2022-02-23 20-49-12,2
2022-02-23 20-59-13,3
2022-02-23 21-05-13,3
2022-02-23 21-10-13,0
2022-02-23 21-14-33,1
2022-02-23 21-20-33,3
2022-02-23 21-27-34,3
2022-02-23 21-32-34,0
2022-02-23 21-37-14,2
2022-02-23 21-44-54,2
2022-02-23 21-47-54,5
2022-02-23 21-53-15,2
2022-02-23 21-57-55,4
2022-02-23 22-03-15,1
2022-02-23 22-09-35,3
2022-02-23 22-13-55,2
2022-02-23 22-19-16,3
2022-02-23 22-23-56,1
2022-02-23 22-29-36,3
2022-02-23 22-35-36,3
2022-02-23 22-39-36,0
2022-02-23 22-44-37,1
2022-02-23 22-47-17,0
2022-02-23 22-54-37,1
2022-02-23 22-59-37,2
2022-02-23 23-05-18,2
2022-02-23 23-09-58,3
2022-02-23 23-15-18,3
2022-02-23 23-20-18,0
2022-02-23 23-25-18,1
2022-02-23 23-28-58,3
2022-02-23 23-34-39,1
2022-02-23 23-35-19,2
2022-02-23 23-49-59,0
2022-02-23 23-55-00,3
2022-02-23 23-59-20,3
2022-02-24 00-08-40,0
2022-02-24 00-14-40,1
2022-02-24 00-19-00,2
2022-02-24 00-23-21,2
2022-02-24 00-28-21,1
2022-02-24 00-39-21,1
2022-02-24 00-44-22,1
2022-02-24 00-49-22,2
2022-02-24 00-53-22,0
2022-02-24 00-59-22,1
2022-02-24 01-05-02,0
2022-02-24 01-09-22,1
2022-02-24 01-13-23,1
2022-02-24 01-21-03,0
2022-02-24 01-26-23,0
2022-02-24 01-32-03,0
2022-02-24 01-35-43,0
2022-02-24 01-40-44,0
2022-02-24 01-45-04,0
2022-02-24 01-51-04,0
2022-02-24 01-56-04,0
2022-02-24 01-59-04,0
2022-02-24 02-09-25,0
2022-02-24 02-14-25,0
2022-02-24 02-19-25,1
2022-02-24 02-26-05,0
2022-02-24 02-30-05,0
2022-02-24 02-35-46,1
2022-02-24 02-41-46,1
2022-02-24 02-46-46,0
2022-02-24 02-49-26,0
2022-02-24 02-54-26,0
2022-02-24 03-00-06,0
2022-02-24 03-03-47,1
2022-02-24 03-11-07,1
2022-02-24 03-15-07,0
2022-02-24 03-19-27,0
2022-02-24 03-24-27,1
2022-02-24 03-29-47,1
2022-02-24 03-35-28,1
2022-02-24 03-38-48,1
2022-02-24 03-45-08,1
2022-02-24 03-50-08,2
2022-02-24 03-56-08,0
2022-02-24 04-00-08,0
2022-02-24 04-04-09,0
2022-02-24 04-08-49,0
2022-02-24 04-15-09,1
2022-02-24 04-20-49,0
2022-02-24 04-22-29,1
2022-02-24 04-35-30,0
2022-02-24 04-39-50,2
2022-02-24 04-44-10,0
2022-02-24 04-50-30,1
2022-02-24 04-56-31,0
2022-02-24 05-00-11,0
2022-02-24 05-10-11,0
2022-02-24 05-14-31,1
2022-02-24 05-19-51,2
2022-02-24 05-22-52,0
2022-02-24 05-29-32,0
2022-02-24 05-34-32,0
2022-02-24 05-39-52,0
2022-02-24 05-43-52,1
2022-02-24 05-48-32,2
2022-02-24 05-52-33,2
2022-02-24 05-57-53,2
2022-02-24 06-02-53,3
2022-02-24 06-08-33,2
2022-02-24 06-13-13,0
2022-02-24 06-18-13,2
2022-02-24 06-24-34,0
2022-02-24 06-29-34,0
2022-02-24 06-33-54,0
2022-02-24 06-38-54,0
2022-02-24 06-44-55,0
2022-02-24 06-50-15,1
2022-02-24 07-00-15,0
2022-02-24 07-05-35,3
2022-02-24 07-11-15,3
2022-02-24 07-14-36,5
2022-02-24 07-19-36,3
2022-02-24 07-23-56,3
2022-02-24 07-29-16,9
2022-02-24 07-34-36,13
2022-02-24 07-39-36,12
2022-02-24 07-46-57,14
2022-02-24 07-50-37,13
2022-02-24 07-53-17,13
2022-02-24 07-59-37,13
2022-02-24 08-04-37,12
2022-02-24 08-10-58,10
2022-02-24 08-15-18,7
2022-02-24 08-23-58,12
2022-02-24 08-28-38,17
2022-02-24 08-36-58,15
2022-02-24 08-38-39,16
2022-02-24 08-46-39,14
2022-02-24 08-49-19,16
2022-02-24 08-56-59,15
2022-02-24 09-00-39,17
2022-02-24 09-05-39,17
2022-02-24 09-11-40,15
2022-02-24 09-15-20,9
2022-02-24 09-26-00,12
2022-02-24 09-32-00,9
2022-02-24 09-36-20,12
2022-02-24 09-42-21,15
2022-02-24 09-45-21,9
2022-02-24 09-51-21,9
2022-02-24 09-59-21,10
2022-02-24 10-11-41,18
2022-02-24 10-15-22,9
2022-02-24 10-22-22,6
2022-02-24 10-26-22,12
2022-02-24 10-30-42,13
2022-02-24 10-38-02,7
2022-02-24 10-42-23,5
2022-02-24 10-46-43,8
2022-02-24 10-52-23,6
2022-02-24 11-03-23,6
2022-02-24 11-08-23,5
2022-02-24 11-12-04,7
2022-02-24 11-17-04,7
2022-02-24 11-22-44,8
2022-02-24 11-26-04,7
2022-02-24 11-30-44,11
2022-02-24 11-35-44,10
2022-02-24 11-41-05,8
2022-02-24 11-45-05,8
2022-02-24 11-51-05,0
2022-02-24 11-55-45,2
2022-02-24 11-59-45,2
2022-02-24 12-13-46,7
2022-02-24 12-16-26,13
2022-02-24 12-21-06,6
2022-02-24 12-31-26,9
2022-02-24 12-35-46,8
2022-02-24 12-41-07,8
2022-02-24 12-45-47,7
2022-02-24 12-51-27,10
2022-02-24 12-57-28,8
2022-02-24 13-02-48,1
2022-02-24 13-07-48,6
2022-02-24 13-15-48,4
2022-02-24 13-26-48,4
2022-02-24 13-33-09,4
2022-02-24 13-42-49,4
2022-02-24 13-50-29,10
2022-02-24 13-58-50,14
2022-02-24 14-03-10,7
2022-02-24 14-11-30,12
2022-02-24 14-15-30,11
2022-02-24 14-21-50,4
2022-02-24 14-30-50,8
2022-02-24 14-35-31,9
2022-02-24 14-39-51,6
2022-02-24 14-45-11,3
2022-02-24 14-50-11,9
2022-02-24 14-58-51,5
2022-02-24 15-05-32,8
2022-02-24 15-11-12,2
2022-02-24 15-15-52,13
2022-02-24 15-23-12,14
2022-02-24 15-26-12,12
2022-02-24 15-29-52,9
2022-02-24 15-37-33,7
2022-02-24 15-41-33,6
2022-02-24 15-45-13,11
2022-02-24 15-51-33,12
2022-02-24 15-57-53,12
2022-02-24 16-02-33,8
2022-02-24 16-08-34,2
2022-02-24 16-11-34,10
2022-02-24 16-16-14,4
2022-02-24 16-20-34,6
2022-02-24 16-24-34,6
2022-02-24 16-28-54,7
2022-02-24 16-35-34,5
2022-02-24 16-41-55,10
2022-02-24 16-44-35,11
2022-02-24 16-53-15,10
2022-02-24 16-56-55,13
2022-02-24 17-00-15,8
2022-02-24 17-07-56,8
2022-02-24 17-11-16,10
2022-02-24 17-21-56,11
2022-02-24 17-24-36,10
2022-02-24 17-30-16,10
2022-02-24 17-36-17,13
2022-02-24 17-40-37,14
2022-02-24 17-45-37,10
2022-02-24 17-53-17,8
2022-02-24 17-56-57,14
2022-02-24 17-59-17,12
2022-02-24 18-06-58,11
2022-02-24 18-12-38,14
2022-02-24 18-17-38,13
2022-02-24 18-22-38,10
2022-02-24 18-24-38,12
2022-02-24 18-30-38,8
2022-02-24 18-34-59,9
2022-02-24 18-40-19,8
2022-02-24 18-44-59,9
2022-02-24 18-50-39,9
2022-02-24 18-55-00,11
2022-02-24 18-59-59,14
2022-02-24 19-06-00,12
2022-02-24 19-11-20,12
2022-02-24 19-14-21,6
2022-02-24 19-24-00,8
2022-02-24 19-29-00,7
2022-02-24 19-35-21,8
2022-02-24 19-40-41,4
2022-02-24 19-43-21,0
2022-02-24 19-54-21,1
2022-02-24 20-00-01,4
2022-02-24 20-05-22,0
2022-02-24 20-11-22,0
2022-02-24 20-15-02,4
2022-02-24 20-21-42,2
2022-02-24 20-25-22,3
2022-02-24 20-28-42,3
2022-02-24 20-35-23,2
2022-02-24 20-38-23,4
2022-02-24 20-44-03,2
2022-02-24 20-50-43,3
2022-02-24 20-54-03,1
2022-02-24 20-59-24,0
2022-02-24 21-04-24,1
2022-02-24 21-10-44,2
2022-02-24 21-14-24,2
2022-02-24 21-20-24,3
2022-02-24 21-26-04,0
2022-02-24 21-29-25,1
2022-02-24 21-35-05,1
2022-02-24 21-39-25,4
2022-02-24 21-45-05,1
2022-02-24 21-50-45,2
2022-02-24 21-54-26,5
2022-02-24 22-00-26,4
2022-02-24 22-09-06,1
2022-02-24 22-15-06,5
2022-02-24 22-20-07,3
2022-02-24 22-29-47,2
2022-02-24 22-34-07,3
2022-02-24 22-39-07,2
2022-02-24 22-45-08,3
2022-02-24 22-50-08,2
2022-02-24 22-59-28,0
2022-02-24 23-04-48,0
2022-02-24 23-09-09,3
2022-02-24 23-13-09,3
2022-02-24 23-21-09,0
2022-02-24 23-25-29,1
2022-02-24 23-28-29,1
2022-02-24 23-34-09,0
2022-02-24 23-38-30,4
2022-02-24 23-44-10,2
2022-02-24 23-49-10,1
2022-02-24 23-54-30,0
2022-02-25 00-00-10,4
2022-02-25 00-05-31,0
2022-02-25 00-08-31,1
2022-02-25 00-20-31,0
2022-02-25 00-23-51,1
2022-02-25 00-28-12,1
2022-02-25 00-33-52,0
2022-02-25 00-39-12,3
2022-02-25 00-50-12,0
2022-02-25 00-53-52,0
2022-02-25 00-59-33,1
2022-02-25 01-05-33,2
2022-02-25 01-08-13,3
2022-02-25 01-14-33,0
2022-02-25 01-20-34,1
2022-02-25 01-24-34,0
2022-02-25 01-29-14,0
2022-02-25 01-35-34,0
2022-02-25 01-41-34,1
2022-02-25 01-43-55,1
2022-02-25 01-50-15,2
2022-02-25 01-51-35,0
2022-02-25 01-58-35,0
2022-02-25 02-02-15,1
2022-02-25 02-08-15,1
2022-02-25 02-12-16,1
2022-02-25 02-17-56,0
2022-02-25 02-24-36,1
2022-02-25 02-29-36,0
2022-02-25 02-35-16,0
2022-02-25 02-40-17,0
2022-02-25 02-44-17,0
2022-02-25 02-51-17,0
2022-02-25 02-53-57,1
2022-02-25 02-58-57,0
2022-02-25 03-03-58,0
2022-02-25 03-08-38,0
2022-02-25 03-14-18,0
2022-02-25 03-20-18,0
2022-02-25 03-29-38,0
2022-02-25 03-33-59,0
2022-02-25 03-40-59,0
2022-02-25 03-43-19,0
2022-02-25 03-49-19,0
2022-02-25 03-59-19,0
2022-02-25 04-03-20,0
2022-02-25 04-08-40,0
2022-02-25 04-12-20,0
2022-02-25 04-19-40,0
2022-02-25 04-24-40,0
2022-02-25 04-29-21,0
2022-02-25 04-33-41,0
2022-02-25 04-38-41,1
2022-02-25 04-44-41,0
2022-02-25 04-50-41,1
2022-02-25 04-55-22,0
2022-02-25 05-00-42,0
2022-02-25 05-04-02,0
2022-02-25 05-10-02,1
2022-02-25 05-18-42,0
2022-02-25 05-26-23,1
2022-02-25 05-29-23,1
2022-02-25 05-34-43,0
2022-02-25 05-39-23,1
2022-02-25 05-49-04,1
2022-02-25 05-52-24,2
2022-02-25 05-58-04,1
2022-02-25 06-09-24,3
2022-02-25 06-14-24,0
2022-02-25 06-18-25,3
2022-02-25 06-24-05,4
2022-02-25 06-29-45,1
2022-02-25 06-34-25,1
2022-02-25 06-39-25,9
2022-02-25 06-47-26,4
2022-02-25 06-50-06,4
2022-02-25 06-54-26,4
2022-02-25 06-58-46,4
2022-02-25 07-05-46,10
2022-02-25 07-09-27,10
2022-02-25 07-16-47,14
2022-02-25 07-19-47,11
2022-02-25 07-23-47,12
2022-02-25 07-30-07,10
2022-02-25 07-35-27,12
2022-02-25 07-41-08,12
2022-02-25 07-45-28,12
2022-02-25 07-49-08,14
2022-02-25 08-01-09,16
2022-02-25 08-05-09,11
2022-02-25 08-10-29,9
2022-02-25 08-20-09,5
2022-02-25 08-24-09,5
2022-02-25 08-29-09,12
2022-02-25 08-33-10,8
2022-02-25 08-42-10,10
2022-02-25 08-46-10,2
2022-02-25 08-53-30,12
2022-02-25 09-01-10,10
2022-02-25 09-14-31,8
2022-02-25 09-15-31,9
2022-02-25 09-20-51,11
2022-02-25 09-33-12,7
2022-02-25 09-35-52,9
2022-02-25 09-44-32,9
2022-02-25 09-49-52,6
2022-02-25 09-59-52,6
2022-02-25 10-03-32,3
2022-02-25 10-09-13,7
2022-02-25 10-12-33,4
2022-02-25 10-18-33,8
2022-02-25 10-23-13,8
2022-02-25 10-31-33,8
2022-02-25 10-37-13,8
2022-02-25 10-41-54,3
2022-02-25 10-45-14,6
2022-02-25 10-53-14,5
2022-02-25 10-56-14,9
2022-02-25 10-59-54,6
2022-02-25 11-09-34,9
2022-02-25 11-11-14,11
2022-02-25 11-16-35,7
2022-02-25 11-23-15,12
2022-02-25 11-26-15,4
2022-02-25 11-29-55,6
2022-02-25 11-41-55,9
2022-02-25 11-45-36,9
2022-02-25 11-50-16,7
2022-02-25 12-00-36,11
2022-02-25 12-07-36,6
2022-02-25 12-11-16,3
2022-02-25 12-17-36,7
